Unnamed: 0,date,n1,n2,n3,n4,n5,n6,zusatzzahl
0,1986-09-07,1,20,22,24,27,40,12
1,1986-09-14,9,10,20,30,32,36,25
2,1986-09-21,6,7,8,16,24,30,33
3,1986-09-28,1,10,11,36,40,41,38
4,1986-10-05,13,14,15,28,31,35,27
5,1986-10-12,4,9,13,25,30,39,22
6,1986-10-19,14,15,17,38,43,45,22
7,1986-10-26,1,2,8,11,26,30,41
8,1986-11-02,6,12,14,16,28,31,45
9,1986-11-09,5,25,30,33,35,38,14
10,1986-11-16,5,14,20,22,33,39,34
11,1986-11-23,27,29,35,38,39,44,8
12,1986-11-30,4,19,21,31,35,45,36
13,1986-12-07,7,17,19,29,38,41,2
14,1986-12-14,17,20,27,33,36,38,39
15,1986-12-21,2,13,30,33,39,41,37
16,1987-01-01,1,13,14,32,34,44,7
17,1987-01-11,7,11,26,28,29,33,19
18,1987-01-18,2,19,28,29,33,42,15
19,1987-01-25,1,5,10,16,33,43,41
20,1987-02-01,4,16,21,35,38,45,39
21,1987-02-08,12,17,28,29,30,33,24
22,1987-02-15,2,6,10,23,31,41,28
23,1987-02-22,3,7,12,17,36,44,16
24,1987-03-01,18,19,24,26,30,42,11
25,1987-03-08,1,5,24,36,38,42,18
26,1987-03-15,4,19,23,27,29,34,14
27,1987-03-22,3,7,13,24,31,44,6
28,1987-03-29,3,4,10,21,28,44,33
29,1987-04-05,6,9,14,21,24,44,5
30,1987-04-12,3,20,23,26,27,40,31
31,1987-04-19,3,6,18,20,40,42,4
32,1987-04-26,5,25,28,30,35,36,16
33,1987-05-03,21,29,32,35,39,43,24
34,1987-05-10,12,13,14,19,35,40,10
35,1987-05-17,32,33,35,41,43,45,39
36,1987-05-24,3,15,16,36,39,42,17
37,1987-05-31,8,10,14,26,30,41,35
38,1987-06-07,8,23,24,25,28,32,11
39,1987-06-14,1,15,30,37,40,43,18
40,1987-06-21,3,11,12,16,19,42,34
41,1987-06-28,10,17,30,37,40,45,27
42,1987-07-05,5,8,15,22,33,36,13
43,1987-07-12,3,8,17,27,29,44,2
44,1987-07-19,1,22,27,36,39,43,28
45,1987-07-26,8,15,20,25,33,41,26
46,1987-08-02,4,20,28,29,38,43,7
47,1987-08-09,3,10,14,27,29,45,20
48,1987-08-16,3,5,10,12,16,28,37
49,1987-08-23,5,10,22,30,39,43,7
50,1987-08-30,8,10,24,30,35,39,43
51,1987-09-06,8,17,26,33,37,39,38
52,1987-09-13,9,24,25,26,37,45,38
53,1987-09-20,4,17,22,26,37,39,36
54,1987-09-27,4,6,10,11,24,36,3
55,1987-10-04,7,10,33,35,36,41,11
56,1987-10-11,5,14,20,22,23,31,2
57,1987-10-18,21,22,29,30,34,35,42
58,1987-10-25,20,21,32,33,35,43,29
59,1987-11-01,15,25,26,28,39,44,18
60,1987-11-08,5,13,16,23,39,41,22
61,1987-11-15,14,25,29,30,37,41,28
62,1987-11-22,7,16,17,20,39,45,29
63,1987-11-29,5,14,17,33,37,39,4
64,1987-12-06,10,13,17,26,31,38,25
65,1987-12-13,4,18,19,23,26,31,15
66,1987-12-20,3,15,19,24,25,27,29
67,1987-12-27,9,17,26,32,33,35,34
68,1988-01-03,8,21,27,28,42,45,10
69,1988-01-10,7,18,22,30,34,40,12
70,1988-01-17,1,3,5,22,23,37,42
71,1988-01-24,1,14,16,24,29,34,21
72,1988-01-31,5,12,25,36,40,41,20
73,1988-02-07,9,18,29,35,37,41,31
74,1988-02-14,1,10,18,28,35,45,19
75,1988-02-21,13,17,20,36,38,42,30
76,1988-02-28,4,7,17,18,31,37,28
77,1988-03-06,12,24,25,31,36,37,4
78,1988-03-13,3,20,26,35,36,37,33
79,1988-03-20,3,19,21,29,31,44,1
80,1988-03-27,2,8,23,29,30,31,22
81,1988-04-03,3,4,12,14,31,44,9
82,1988-04-10,2,8,13,15,21,23,1
83,1988-04-17,3,20,26,27,41,42,28
84,1988-04-24,4,15,22,26,28,30,35
85,1988-05-01,12,22,26,35,37,45,30
86,1988-05-08,13,16,20,31,32,40,42
87,1988-05-15,4,24,27,32,33,35,41
88,1988-05-22,7,16,17,26,29,36,41
89,1988-05-29,8,12,20,30,33,38,15
90,1988-06-05,4,7,10,20,31,43,19
91,1988-06-12,2,14,15,25,26,39,32
92,1988-06-19,2,4,7,10,27,28,21
93,1988-06-26,15,25,34,41,44,45,9
94,1988-07-03,10,16,18,28,37,40,15
95,1988-07-10,2,7,11,27,32,43,10
96,1988-07-17,5,10,14,20,29,34,37
97,1988-07-24,2,12,14,27,35,41,43
98,1988-07-31,9,11,23,34,42,43,21
99,1988-08-07,1,4,11,33,34,42,32
100,1988-08-14,4,9,10,16,18,32,39
101,1988-08-21,12,24,26,37,42,43,17
102,1988-08-28,3,22,23,28,35,45,34
103,1988-09-04,3,22,38,39,42,43,6
104,1988-09-11,3,9,12,16,22,41,2
105,1988-09-18,1,25,27,36,39,43,9
106,1988-09-25,4,9,15,23,26,32,35
107,1988-10-02,2,6,8,12,24,30,25
108,1988-10-09,2,3,12,25,26,36,32
109,1988-10-16,7,9,11,19,21,22,30
110,1988-10-23,15,19,26,43,44,45,39
111,1988-10-30,8,16,31,32,34,43,37
112,1988-11-06,8,16,22,37,38,42,32
113,1988-11-13,2,3,23,32,34,35,9
114,1988-11-20,2,18,24,26,31,42,32
115,1988-11-27,1,2,5,21,37,39,6
116,1988-12-04,7,15,24,26,32,40,37
117,1988-12-11,21,24,35,41,43,44,2
118,1988-12-18,5,27,31,36,38,41,2
119,1988-12-25,10,25,33,36,39,42,35
120,1989-01-01,7,11,18,22,23,24,40
121,1989-01-08,10,16,17,27,30,36,39
122,1989-01-15,9,10,19,23,27,43,30
123,1989-01-22,6,14,18,21,38,43,45
124,1989-01-29,1,6,16,20,37,38,28
125,1989-02-05,13,15,16,19,30,44,26
126,1989-02-12,16,20,27,32,36,37,4
127,1989-02-19,1,3,5,12,23,40,27
128,1989-02-26,2,5,8,11,28,44,40
129,1989-03-05,3,17,18,34,37,39,20
130,1989-03-12,4,13,26,33,35,41,8
131,1989-03-19,18,26,28,36,38,42,13
132,1989-03-26,7,13,17,23,28,43,36
133,1989-04-02,4,8,9,29,30,34,3
134,1989-04-09,6,9,22,23,38,43,8
135,1989-04-16,6,12,14,15,16,27,43
136,1989-04-23,10,20,24,33,44,45,15
137,1989-04-30,13,28,35,36,38,45,33
138,1989-05-07,9,13,17,20,22,44,6
139,1989-05-14,2,5,9,12,16,31,4
140,1989-05-21,2,14,16,26,28,40,12
141,1989-05-28,2,4,6,12,16,28,17
142,1989-06-04,14,16,22,26,33,39,31
143,1989-06-11,4,18,21,25,31,40,39
144,1989-06-18,12,18,21,32,33,45,9
145,1989-06-25,7,17,23,30,37,38,19
146,1989-07-02,7,9,14,31,39,40,8
147,1989-07-09,3,8,17,19,27,35,12
148,1989-07-16,1,5,13,16,27,45,26
149,1989-07-23,5,13,18,24,36,44,10
150,1989-07-30,7,14,17,27,38,41,1
151,1989-08-06,6,7,10,28,32,43,31
152,1989-08-13,13,20,28,30,31,45,44
153,1989-08-20,2,13,14,29,30,42,40
154,1989-08-27,2,5,7,15,20,30,34
155,1989-09-03,12,15,20,22,28,32,11
156,1989-09-10,4,7,10,11,17,34,8
157,1989-09-17,5,23,24,28,31,39,12
158,1989-09-24,5,14,20,21,34,41,1
159,1989-10-01,2,5,14,41,43,45,31
160,1989-10-08,2,4,21,36,38,44,39
161,1989-10-15,7,20,29,33,34,41,13
162,1989-10-22,4,21,22,27,29,41,1
163,1989-10-29,2,13,32,34,41,44,16
164,1989-11-05,2,3,7,24,29,38,14
165,1989-11-12,4,11,22,25,34,43,6
166,1989-11-19,2,17,19,27,33,38,28
167,1989-11-26,3,16,21,29,36,37,45
168,1989-12-03,6,19,28,33,42,44,23
169,1989-12-10,8,19,21,28,30,40,38
170,1989-12-17,3,5,23,29,35,45,13
171,1989-12-25,2,36,37,38,41,42,30
172,1989-12-31,3,13,21,22,29,39,5
173,1990-01-07,1,2,12,32,39,40,31
174,1990-01-14,5,11,13,19,22,40,42
175,1990-01-21,9,15,28,31,39,41,1
176,1990-01-28,8,26,27,36,38,40,35
177,1990-02-04,15,16,20,24,25,43,30
178,1990-02-11,11,22,23,25,32,39,16
179,1990-02-18,1,13,18,23,28,42,4
180,1990-02-25,8,9,11,16,34,36,40
181,1990-03-04,2,5,6,23,27,33,35
182,1990-03-11,3,11,23,27,30,33,21
183,1990-03-18,1,2,20,33,36,41,29
184,1990-03-25,3,9,18,26,28,44,22
185,1990-04-01,1,10,12,29,32,42,45
186,1990-04-08,7,9,14,18,24,35,20
187,1990-04-15,2,3,14,25,28,29,32
188,1990-04-22,7,8,20,30,31,33,28
189,1990-04-29,10,19,24,26,37,42,43
190,1990-05-06,4,15,24,30,37,39,9
191,1990-05-13,3,11,19,22,29,42,13
192,1990-05-20,4,10,21,31,34,39,29
193,1990-05-27,2,16,23,26,31,44,41
194,1990-06-03,10,12,20,23,33,39,41
195,1990-06-10,3,8,18,37,40,43,31
196,1990-06-17,5,15,18,23,24,29,35
197,1990-06-24,6,10,11,16,22,43,38
198,1990-07-01,7,8,21,26,28,33,3
199,1990-07-08,3,5,7,19,25,42,4
200,1990-07-15,10,17,18,19,34,39,31
201,1990-07-22,6,10,11,13,32,43,39
202,1990-07-29,1,9,22,23,39,41,7
203,1990-08-05,10,11,19,23,26,29,2
204,1990-08-12,8,12,17,18,21,44,29
205,1990-08-19,10,12,19,22,31,44,29
206,1990-08-26,2,6,7,11,20,35,12
207,1990-09-02,18,28,30,35,36,43,37
208,1990-09-09,11,22,27,34,42,44,39
209,1990-09-16,8,11,16,26,32,37,19
210,1990-09-23,16,18,25,29,30,33,6
211,1990-09-30,5,18,25,37,38,44,3
212,1990-10-07,5,6,29,31,32,43,38
213,1990-10-14,1,3,4,13,15,39,21
214,1990-10-21,10,23,37,41,43,44,15
215,1990-10-28,4,6,26,35,42,45,21
216,1990-11-04,9,10,11,12,17,44,4
217,1990-11-11,2,6,17,21,30,43,45
218,1990-11-18,5,7,26,31,35,42,11
219,1990-11-25,7,30,35,37,40,43,44
220,1990-12-02,7,9,23,25,29,45,42
221,1990-12-09,9,10,12,39,41,44,31
222,1990-12-16,6,18,20,23,34,36,24
223,1990-12-23,5,22,32,34,42,43,45
224,1990-12-30,3,4,13,32,35,44,31
225,1991-01-06,6,16,17,31,42,43,9
226,1991-01-13,8,12,30,32,33,43,23
227,1991-01-20,2,15,18,27,32,39,14
228,1991-01-27,1,5,27,28,36,42,43
229,1991-02-03,8,10,19,30,37,39,34
230,1991-02-10,6,16,18,39,42,43,27
231,1991-02-17,1,6,12,14,26,43,29
232,1991-02-24,5,11,16,18,43,44,12
233,1991-03-03,8,15,20,25,26,44,35
234,1991-03-10,2,8,19,28,33,39,21
235,1991-03-17,7,11,18,20,36,40,25
236,1991-03-24,9,24,26,29,31,37,15
237,1991-03-31,3,6,24,31,34,44,23
238,1991-04-07,7,11,19,26,32,42,25
239,1991-04-14,8,21,22,24,30,40,6
240,1991-04-21,2,9,10,23,25,45,39
241,1991-04-28,2,6,9,10,31,38,5
242,1991-05-05,5,11,15,16,17,19,41
243,1991-05-12,14,15,27,28,40,42,32
244,1991-05-19,19,24,25,29,31,41,42
245,1991-05-26,3,7,9,23,24,35,21
246,1991-06-02,5,17,37,42,43,44,13
247,1991-06-09,1,2,13,23,27,39,41
248,1991-06-16,6,12,17,19,20,21,42
249,1991-06-23,7,8,18,21,26,36,24
250,1991-06-30,5,6,13,17,34,41,38
251,1991-07-07,1,9,14,25,26,29,3
252,1991-07-14,1,8,11,16,31,35,12
253,1991-07-21,2,4,6,22,27,36,7
254,1991-07-28,12,14,29,35,44,45,20
255,1991-08-04,13,22,24,27,30,38,32
256,1991-08-11,5,8,9,28,34,40,7
257,1991-08-18,6,7,22,23,33,41,43
258,1991-08-25,6,10,16,21,22,42,14
259,1991-09-01,5,7,15,18,26,28,25
260,1991-09-08,3,4,12,17,25,44,37
261,1991-09-15,11,13,14,19,23,29,17
262,1991-09-22,7,9,38,40,41,45,8
263,1991-09-29,12,14,20,30,36,42,31
264,1991-10-06,6,9,31,32,34,41,14
265,1991-10-13,21,22,26,28,36,40,1
266,1991-10-20,3,6,18,32,37,40,35
267,1991-10-27,5,10,17,23,29,31,2
268,1991-11-03,1,7,9,10,39,40,43
269,1991-11-10,2,27,31,35,36,40,21
270,1991-11-17,1,4,8,9,26,33,36
271,1991-11-24,10,11,15,22,24,28,8
272,1991-12-01,15,19,21,22,26,45,16
273,1991-12-08,13,14,22,32,37,38,35
274,1991-12-15,10,11,12,19,33,35,30
275,1991-12-22,8,14,17,23,38,45,29
276,1991-12-29,6,8,9,16,26,42,25
277,1992-01-05,7,17,18,19,25,40,14
278,1992-01-12,9,16,18,24,35,45,8
279,1992-01-19,15,29,30,33,34,42,16
280,1992-01-26,27,30,31,32,34,39,44
281,1992-02-02,1,12,14,27,31,43,26
282,1992-02-09,5,8,14,24,25,33,42
283,1992-02-16,7,17,19,21,25,29,1
284,1992-02-23,7,20,22,25,30,34,15
285,1992-03-01,1,7,11,35,38,41,34
286,1992-03-08,12,24,25,29,40,45,35
287,1992-03-15,1,4,8,27,32,37,40
288,1992-03-22,6,13,24,28,31,42,2
289,1992-03-29,4,8,33,35,36,44,34
290,1992-04-05,7,20,21,30,35,36,2
291,1992-04-12,21,30,34,36,38,39,24
292,1992-04-19,4,16,17,20,22,39,13
293,1992-04-26,4,5,14,23,26,27,6
294,1992-05-03,4,5,20,26,27,33,2
295,1992-05-10,4,7,21,27,39,42,25
296,1992-05-17,4,5,22,26,33,36,43
297,1992-05-24,2,8,17,27,29,36,7
298,1992-05-31,17,21,22,30,39,45,3
299,1992-06-07,11,20,29,30,31,40,17
300,1992-06-14,1,7,13,16,22,41,27
301,1992-06-21,21,26,28,38,39,44,10
302,1992-06-28,3,7,20,34,35,43,45
303,1992-07-05,7,13,20,26,28,36,5
304,1992-07-12,8,13,27,35,36,40,34
305,1992-07-19,1,2,11,25,28,45,7
306,1992-07-26,9,12,16,18,22,45,25
307,1992-08-02,2,11,27,30,35,43,14
308,1992-08-09,4,7,21,26,27,29,38
309,1992-08-16,2,5,12,16,31,33,30
310,1992-08-23,4,11,31,34,39,41,6
311,1992-08-30,3,4,11,27,32,39,15
312,1992-09-06,18,37,39,40,43,45,24
313,1992-09-13,4,9,20,26,27,30,31
314,1992-09-20,3,12,13,18,20,40,7
315,1992-09-27,12,19,21,22,25,27,28
316,1992-10-04,3,7,10,24,36,39,35
317,1992-10-11,1,12,13,36,43,44,25
318,1992-10-18,10,21,28,37,38,44,7
319,1992-10-25,10,23,25,31,36,45,38
320,1992-11-01,5,22,23,31,33,45,37
321,1992-11-08,4,8,18,21,28,37,26
322,1992-11-15,7,12,15,22,26,30,21
323,1992-11-22,3,10,13,19,21,43,16
324,1992-11-29,1,5,23,24,40,42,19
325,1992-12-06,16,17,20,26,34,43,44
326,1992-12-13,12,21,22,30,31,38,32
327,1992-12-20,8,12,16,33,36,44,34
328,1992-12-27,1,10,12,26,36,45,13
329,1993-01-03,1,26,33,34,39,40,45
330,1993-01-10,8,11,18,26,38,44,2
331,1993-01-17,1,2,4,24,26,28,40
332,1993-01-24,11,20,26,28,36,40,34
333,1993-01-31,4,24,29,36,39,40,18
334,1993-02-07,8,14,15,24,26,42,39
335,1993-02-14,6,12,22,28,30,33,10
336,1993-02-21,13,21,28,32,38,39,2
337,1993-02-28,3,4,10,17,20,34,16
338,1993-03-07,5,17,28,32,37,40,25
339,1993-03-14,5,7,11,20,23,37,34
340,1993-03-21,6,19,25,39,40,42,20
341,1993-03-28,5,7,17,28,32,45,43
342,1993-04-04,9,18,21,33,36,43,6
343,1993-04-11,3,20,33,34,42,45,11
344,1993-04-18,5,11,25,31,36,38,1
345,1993-04-25,5,21,34,40,41,43,28
346,1993-05-02,7,10,13,26,28,36,2
347,1993-05-09,6,9,15,16,27,37,32
348,1993-05-16,5,11,24,25,33,38,10
349,1993-05-23,5,15,17,24,34,43,45
350,1993-05-30,13,20,21,30,33,35,26
351,1993-06-06,9,30,36,40,43,45,16
352,1993-06-13,11,15,27,30,36,42,10
353,1993-06-20,8,12,13,18,24,30,23
354,1993-06-27,13,16,26,34,41,44,35
355,1993-07-04,1,6,12,33,40,45,13
356,1993-07-11,2,8,19,20,24,44,34
357,1993-07-18,8,11,12,16,19,37,33
358,1993-07-25,9,11,13,25,37,44,38
359,1993-08-01,2,4,6,26,29,42,32
360,1993-08-08,2,7,17,18,32,35,15
361,1993-08-15,4,11,13,17,34,40,37
362,1993-08-22,2,7,20,27,33,43,22
363,1993-08-29,13,17,23,27,30,35,41
364,1993-09-05,3,29,30,37,38,41,23
365,1993-09-12,4,5,6,15,38,44,37
366,1993-09-19,2,6,8,14,22,29,30
367,1993-09-26,15,25,29,33,34,37,13
368,1993-10-03,3,10,15,31,36,37,45
369,1993-10-10,7,14,15,23,36,41,44
370,1993-10-17,5,6,10,17,34,39,24
371,1993-10-24,6,10,16,27,29,35,38
372,1993-10-31,6,25,33,38,42,43,45
373,1993-11-07,11,15,21,27,29,30,44
374,1993-11-14,22,27,29,36,38,43,7
375,1993-11-21,2,19,21,26,34,42,44
376,1993-11-28,4,9,14,16,36,42,33
377,1993-12-05,2,17,41,42,44,45,14
378,1993-12-12,7,8,27,36,40,43,26
379,1993-12-19,4,5,7,8,20,30,16
380,1993-12-26,1,2,5,7,33,41,37
381,1994-01-02,6,7,15,25,26,37,4
382,1994-01-09,15,23,26,28,32,33,40
383,1994-01-16,5,8,11,12,39,45,43
384,1994-01-23,5,19,20,30,32,39,16
385,1994-01-30,14,30,31,34,37,44,21
386,1994-02-06,1,4,6,12,17,23,15
387,1994-02-13,1,15,20,32,36,42,8
388,1994-02-20,19,24,25,34,41,43,37
389,1994-02-27,15,18,27,37,41,43,2
390,1994-03-06,5,29,30,31,32,37,11
391,1994-03-13,7,18,27,31,38,39,14
392,1994-03-20,5,23,27,31,37,42,10
393,1994-03-27,19,24,32,33,36,40,2
394,1994-04-03,1,11,13,32,38,43,19
395,1994-04-10,2,3,13,17,26,39,45
396,1994-04-17,13,19,23,24,25,32,10
397,1994-04-24,2,7,12,14,25,40,18
398,1994-05-01,12,16,30,39,40,42,3
399,1994-05-08,3,5,11,25,42,44,30
400,1994-05-15,1,9,12,23,28,45,27
401,1994-05-22,2,9,11,16,23,45,35
402,1994-05-29,1,3,16,20,26,37,17
403,1994-06-05,3,5,9,21,29,39,45
404,1994-06-12,1,19,26,29,36,37,31
405,1994-06-19,5,7,21,23,25,26,20
406,1994-06-26,7,14,19,22,24,40,36
407,1994-07-03,3,10,28,34,41,43,15
408,1994-07-10,11,22,24,33,37,43,19
409,1994-07-17,17,20,21,30,31,39,29
410,1994-07-24,16,32,33,36,43,45,17
411,1994-07-31,4,7,9,13,18,22,14
412,1994-08-07,1,16,17,21,25,29,36
413,1994-08-14,12,24,25,36,43,45,15
414,1994-08-21,3,4,9,16,19,32,2
415,1994-08-28,2,5,10,32,41,44,34
416,1994-09-04,4,8,14,40,41,45,12
417,1994-09-11,8,10,15,18,23,38,11
418,1994-09-18,17,19,23,39,42,43,16
419,1994-09-25,8,10,11,13,27,36,7
420,1994-10-02,6,7,18,25,33,42,38
421,1994-10-09,4,10,13,18,19,21,14
422,1994-10-16,17,25,29,33,39,42,18
423,1994-10-23,10,21,29,39,43,45,30
424,1994-10-30,3,15,27,28,37,41,20
425,1994-11-06,1,6,15,18,26,30,11
426,1994-11-13,4,7,8,13,15,29,5
427,1994-11-20,4,14,21,25,35,40,36
428,1994-11-27,4,26,30,35,36,38,28
429,1994-12-04,1,5,11,20,35,40,45
430,1994-12-11,6,9,14,18,37,42,8
431,1994-12-18,5,11,22,23,27,43,37
432,1994-12-25,2,5,24,39,41,43,45
433,1995-01-03,1,26,33,34,39,40,45
434,1995-01-08,7,9,13,16,22,27,23
435,1995-01-15,6,7,9,30,33,40,5
436,1995-01-22,9,17,27,36,38,42,23
437,1995-01-29,2,11,20,28,30,35,8
438,1995-02-05,1,12,20,22,37,42,7
439,1995-02-12,2,4,9,21,22,42,28
440,1995-02-19,9,15,25,26,40,43,36
441,1995-02-26,17,23,27,28,29,43,44
442,1995-03-05,4,5,13,21,42,45,31
443,1995-03-12,1,7,14,19,31,40,22
444,1995-03-19,4,5,30,35,38,42,36
445,1995-03-26,3,14,17,31,39,43,38
446,1995-04-02,3,7,11,15,17,35,5
447,1995-04-09,3,7,21,28,40,41,34
448,1995-04-16,6,8,10,16,22,35,23
449,1995-04-23,12,26,30,38,43,44,17
450,1995-04-30,21,24,26,38,39,41,25
451,1995-05-07,1,10,15,28,38,42,31
452,1995-05-14,7,9,13,15,16,30,20
453,1995-05-21,8,15,25,33,35,45,42
454,1995-05-28,1,3,28,36,38,43,6
455,1995-06-04,9,22,30,37,38,44,23
456,1995-06-11,13,23,38,41,42,45,4
457,1995-06-18,4,9,27,28,40,42,45
458,1995-06-25,10,12,27,28,40,43,38
459,1995-07-02,4,15,18,23,24,29,40
460,1995-07-09,4,9,11,32,42,44,35
461,1995-07-16,1,2,22,26,31,33,16
462,1995-07-23,1,11,19,26,32,39,15
463,1995-07-30,7,19,20,21,29,31,32
464,1995-08-06,5,18,19,23,30,45,12
465,1995-08-13,6,9,22,25,26,45,5
466,1995-08-20,4,18,19,32,37,38,5
467,1995-08-27,1,17,19,26,35,44,3
468,1995-09-03,7,15,23,36,42,43,30
469,1995-09-10,12,14,20,31,35,44,19
470,1995-09-17,2,23,26,29,37,40,34
471,1995-09-24,2,3,7,10,12,44,31
472,1995-10-01,1,2,4,5,17,44,26
473,1995-10-08,1,5,30,33,35,42,29
474,1995-10-15,8,25,26,29,40,42,30
475,1995-10-22,1,17,26,30,33,44,24
476,1995-10-29,4,9,15,34,35,39,26
477,1995-11-05,1,12,19,24,28,44,4
478,1995-11-12,7,9,10,25,26,32,11
479,1995-11-19,1,2,8,12,19,23,18
480,1995-11-26,7,16,18,21,22,32,29
481,1995-12-03,13,15,24,25,28,44,2
482,1995-12-10,11,13,17,19,25,44,43
483,1995-12-17,5,6,12,14,16,27,41
484,1995-12-23,5,8,18,31,36,45,27
485,1995-12-31,13,24,25,29,32,33,35
486,1996-01-07,14,25,27,37,38,43,1
487,1996-01-14,17,18,20,30,32,44,25
488,1996-01-21,16,18,22,25,31,32,23
489,1996-01-28,6,22,30,33,35,45,18
490,1996-02-04,15,19,23,28,30,45,16
491,1996-02-11,5,12,15,20,21,41,3
492,1996-02-18,13,23,24,30,33,43,11
493,1996-02-25,5,34,36,37,42,43,25
494,1996-03-03,14,22,25,31,33,40,28
495,1996-03-10,17,22,25,29,34,39,14
496,1996-03-17,3,8,17,22,33,40,34
497,1996-03-24,10,21,23,29,34,39,38
498,1996-03-31,8,13,29,34,35,41,2
499,1996-04-07,3,13,25,27,31,37,1
500,1996-04-14,16,21,25,35,37,38,30
501,1996-04-21,3,20,27,32,39,44,24
502,1996-04-28,5,11,16,17,26,40,36
503,1996-05-05,22,23,26,31,36,39,14
504,1996-05-12,1,16,30,33,43,45,7
505,1996-05-19,6,10,12,14,33,45,4
506,1996-05-26,9,16,27,29,40,41,26
507,1996-06-02,7,12,16,21,39,41,3
508,1996-06-09,9,12,19,28,31,43,29
509,1996-06-16,4,21,28,37,38,39,8
510,1996-06-23,1,8,13,15,28,42,7
511,1996-06-30,3,4,6,14,31,33,40
512,1996-07-07,6,16,17,33,34,43,13
513,1996-07-14,4,30,32,34,36,40,41
514,1996-07-21,1,16,26,37,41,45,22
515,1996-07-28,10,13,19,25,36,40,44
516,1996-08-04,3,7,16,23,26,27,45
517,1996-08-11,1,3,22,27,32,40,5
518,1996-08-18,7,21,26,28,41,44,11
519,1996-08-25,8,15,24,35,42,44,6
520,1996-09-01,4,6,15,25,29,38,17
521,1996-09-08,5,7,18,29,42,45,33
522,1996-09-15,1,4,8,21,27,34,22
523,1996-09-22,1,2,4,27,31,34,11
524,1996-09-29,16,17,26,31,38,42,15
525,1996-10-06,6,18,34,35,41,44,45
526,1996-10-13,6,16,22,25,42,44,33
527,1996-10-20,14,17,29,31,35,42,36
528,1996-10-27,7,12,15,28,35,41,39
529,1996-11-03,4,5,11,22,26,44,41
530,1996-11-10,7,14,18,35,37,44,19
531,1996-11-17,3,11,18,22,27,32,44
532,1996-11-24,2,8,13,20,24,34,1
533,1996-12-01,1,23,24,27,29,40,45
534,1996-12-08,11,26,27,31,39,43,9
535,1996-12-15,5,15,17,38,41,45,44
536,1996-12-22,6,26,31,34,38,39,35
537,1996-12-29,1,9,23,24,26,35,42
538,1997-01-05,3,8,9,25,26,35,34
539,1997-01-12,4,5,6,8,21,35,3
540,1997-01-19,3,7,26,28,31,40,38
541,1997-01-26,2,7,32,39,42,43,8
542,1997-02-02,4,8,20,28,37,39,13
543,1997-02-09,1,5,10,20,26,45,27
544,1997-02-16,5,11,19,30,33,44,20
545,1997-02-23,12,21,24,29,33,35,28
546,1997-03-02,16,17,24,30,38,44,14
547,1997-03-09,3,6,10,27,31,36,35
548,1997-03-16,5,7,12,17,35,41,19
549,1997-03-23,4,15,31,36,38,44,42
550,1997-03-30,14,17,26,27,36,44,3
551,1997-04-06,7,12,25,27,28,30,5
552,1997-04-13,17,22,23,40,41,42,11
553,1997-04-20,14,15,19,26,33,45,38
554,1997-04-27,7,9,11,13,35,43,8
555,1997-05-04,5,19,22,25,41,45,3
556,1997-05-11,3,28,34,35,39,40,29
557,1997-05-18,5,22,26,28,36,45,25
558,1997-05-25,2,14,21,23,41,42,35
559,1997-06-01,3,10,13,18,30,35,23
560,1997-06-08,3,4,9,26,32,33,39
561,1997-06-15,11,18,22,23,42,45,26
562,1997-06-22,4,10,18,23,24,31,26
563,1997-06-29,3,5,8,15,28,41,20
564,1997-07-06,2,4,10,13,25,44,17
565,1997-07-13,6,33,35,37,42,43,3
566,1997-07-20,1,11,21,24,38,42,23
567,1997-07-27,6,15,24,41,43,45,1
568,1997-08-03,1,3,6,10,33,39,42
569,1997-08-10,30,32,34,35,38,43,44
570,1997-08-17,3,16,19,28,31,42,13
571,1997-08-24,18,21,22,28,30,31,44
572,1997-08-31,1,4,14,15,29,33,35
573,1997-09-03,13,15,18,22,30,31,5
574,1997-09-07,3,17,24,30,42,44,37
575,1997-09-10,3,6,9,11,26,44,39
576,1997-09-14,5,7,11,16,21,28,32
577,1997-09-17,2,12,14,20,43,45,4
578,1997-09-21,3,9,16,23,38,41,27
579,1997-09-24,2,13,18,19,24,44,23
580,1997-09-28,12,16,23,25,27,28,14
581,1997-10-01,11,24,27,33,38,41,4
582,1997-10-05,15,16,18,22,33,43,25
583,1997-10-08,1,10,15,29,31,41,28
584,1997-10-12,1,15,16,31,35,38,37
585,1997-10-15,10,12,30,34,40,44,21
586,1997-10-19,6,13,20,23,33,45,26
587,1997-10-22,5,7,16,17,20,31,25
588,1997-10-26,6,9,20,27,42,45,44
589,1997-10-29,5,6,10,13,15,16,31
590,1997-11-02,6,7,8,17,24,25,38
591,1997-11-05,1,2,32,34,41,45,38
592,1997-11-09,19,24,25,36,39,45,20
593,1997-11-12,1,2,15,17,23,43,7
594,1997-11-16,9,15,24,25,28,40,31
595,1997-11-19,10,14,23,26,31,44,5
596,1997-11-23,2,9,10,18,19,33,23
597,1997-11-26,15,21,22,26,37,39,8
598,1997-11-30,6,26,29,37,38,41,30
599,1997-12-03,13,16,17,19,21,43,41
600,1997-12-07,6,21,26,30,38,43,41
601,1997-12-10,8,11,19,26,32,34,33
602,1997-12-14,2,22,35,40,41,44,27
603,1997-12-17,6,7,16,18,28,34,3
604,1997-12-21,3,14,20,26,28,34,11
605,1997-12-28,7,9,21,23,24,29,10
606,1997-12-31,3,9,18,25,41,43,20
607,1998-01-04,4,7,15,17,28,43,18
608,1998-01-07,1,4,5,6,10,31,36
609,1998-01-11,1,9,14,33,37,43,10
610,1998-01-14,18,23,27,28,35,44,12
611,1998-01-18,2,4,10,35,36,39,44
612,1998-01-21,15,20,27,28,33,45,11
613,1998-01-25,1,15,22,29,36,41,10
614,1998-01-28,9,11,20,25,39,40,8
615,1998-02-01,6,12,25,27,32,40,19
616,1998-02-04,5,12,29,32,34,41,42
617,1998-02-08,11,17,18,20,27,44,28
618,1998-02-11,8,23,29,39,40,45,10
619,1998-02-15,11,13,16,29,30,34,32
620,1998-02-18,1,10,25,26,34,44,36
621,1998-02-22,5,10,15,26,28,37,23
622,1998-02-25,7,9,19,26,32,43,37
623,1998-03-01,5,11,12,16,38,41,20
624,1998-03-04,6,19,22,38,39,42,40
625,1998-03-08,6,11,20,21,29,38,7
626,1998-03-11,15,17,20,26,28,42,5
627,1998-03-15,1,5,13,16,20,24,2
628,1998-03-18,9,12,14,30,41,45,16
629,1998-03-22,15,17,26,32,34,45,43
630,1998-03-25,2,4,7,27,30,31,39
631,1998-03-29,3,8,13,19,21,40,45
632,1998-04-01,4,9,17,29,31,40,36
633,1998-04-05,2,9,10,11,19,32,43
634,1998-04-08,5,10,26,29,30,45,34
635,1998-04-12,12,15,16,21,28,42,30
636,1998-04-15,1,2,4,24,32,36,17
637,1998-04-19,4,8,23,26,43,45,22
638,1998-04-22,3,4,10,11,15,18,34
639,1998-04-26,3,6,16,19,27,32,23
640,1998-04-29,1,10,21,27,44,45,39
641,1998-05-03,13,18,19,20,36,38,16
642,1998-05-06,3,16,22,24,29,44,17
643,1998-05-10,11,16,24,25,39,44,13
644,1998-05-13,2,13,18,31,33,41,1
645,1998-05-17,22,24,27,30,32,45,25
646,1998-05-20,4,10,15,18,38,45,42
647,1998-05-24,8,13,18,19,24,28,42
648,1998-05-27,5,12,13,26,42,43,27
649,1998-05-31,7,11,20,29,42,44,17
650,1998-06-03,16,28,33,39,41,45,23
651,1998-06-07,22,23,27,36,42,43,25
652,1998-06-10,9,17,19,20,26,44,35
653,1998-06-14,2,6,11,12,36,39,19
654,1998-06-17,1,31,33,35,38,39,37
655,1998-06-21,23,29,35,40,44,45,22
656,1998-06-24,5,15,22,37,41,43,23
657,1998-06-28,1,7,12,38,44,45,3
658,1998-07-01,5,14,16,17,36,44,7
659,1998-07-05,3,9,11,15,26,32,31
660,1998-07-08,4,14,18,20,37,45,7
661,1998-07-12,8,11,12,23,30,32,14
662,1998-07-15,3,10,11,14,16,39,8
663,1998-07-19,7,17,29,34,36,44,27
664,1998-07-22,10,21,26,38,39,44,27
665,1998-07-26,1,22,28,30,31,41,43
666,1998-07-29,6,8,11,30,38,39,18
667,1998-08-02,9,10,17,28,37,43,12
668,1998-08-05,18,21,25,26,43,45,4
669,1998-08-09,1,4,10,11,13,40,45
670,1998-08-12,7,17,24,29,39,43,14
671,1998-08-16,4,15,29,31,42,45,39
672,1998-08-19,1,6,17,19,20,34,21
673,1998-08-23,9,10,18,20,31,44,40
674,1998-08-26,3,9,25,34,38,39,32
675,1998-08-30,9,10,13,17,33,39,2
676,1998-09-02,8,32,35,37,39,45,40
677,1998-09-06,2,26,33,37,39,41,11
678,1998-09-09,4,8,10,12,39,43,18
679,1998-09-13,8,18,19,24,27,44,4
680,1998-09-16,7,10,18,28,31,34,42
681,1998-09-20,3,14,21,41,44,45,20
682,1998-09-23,2,6,10,18,21,26,25
683,1998-09-27,16,29,30,35,41,44,1
684,1998-09-30,4,10,21,27,28,32,26
685,1998-10-04,9,16,23,28,30,36,34
686,1998-10-07,3,24,26,27,33,39,17
687,1998-10-11,5,7,10,13,37,41,25
688,1998-10-14,11,19,30,35,36,40,45
689,1998-10-18,1,7,15,22,35,39,19
690,1998-10-21,7,9,16,28,34,45,43
691,1998-10-25,8,12,16,20,25,38,26
692,1998-10-28,26,28,30,32,34,39,5
693,1998-11-01,5,14,19,37,39,43,23
694,1998-11-04,9,11,19,35,38,43,6
695,1998-11-08,2,5,11,27,43,44,26
696,1998-11-11,4,12,30,36,37,44,9
697,1998-11-15,21,24,26,30,34,41,23
698,1998-11-18,14,15,31,34,39,45,6
699,1998-11-22,9,15,16,19,25,37,2
700,1998-11-25,4,8,21,25,29,37,43
701,1998-11-29,3,19,30,31,33,43,37
702,1998-12-02,3,13,17,35,38,42,12
703,1998-12-06,2,7,9,16,38,40,11
704,1998-12-09,5,6,14,16,24,37,19
705,1998-12-13,3,6,8,18,32,33,35
706,1998-12-16,1,6,14,23,28,36,12
707,1998-12-20,12,20,22,23,28,36,13
708,1998-12-27,2,5,9,10,12,41,39
709,1998-12-30,1,17,24,26,33,36,9
710,1999-01-03,6,8,14,16,18,23,28
711,1999-01-06,3,15,31,38,42,44,2
712,1999-01-10,5,14,22,29,33,40,17
713,1999-01-13,1,11,15,28,34,36,25
714,1999-01-17,12,33,34,38,41,42,35
715,1999-01-20,3,20,31,38,39,45,13
716,1999-01-24,1,7,18,27,40,44,21
717,1999-01-27,3,8,13,28,31,40,30
718,1999-01-31,8,11,15,17,20,25,32
719,1999-02-03,13,14,26,31,34,39,33
720,1999-02-07,10,13,18,19,28,30,44
721,1999-02-10,9,13,18,19,30,31,35
722,1999-02-14,9,21,29,30,31,32,16
723,1999-02-17,6,11,25,29,34,39,4
724,1999-02-21,22,23,27,32,34,37,8
725,1999-02-24,6,7,24,26,31,38,20
726,1999-02-28,3,9,18,20,36,37,17
727,1999-03-03,4,17,30,31,36,44,21
728,1999-03-07,8,11,16,17,19,20,38
729,1999-03-10,1,7,12,19,32,45,15
730,1999-03-14,4,8,9,18,21,26,27
731,1999-03-17,1,7,18,39,40,42,28
732,1999-03-21,12,13,14,17,37,40,45
733,1999-03-24,2,18,21,22,30,38,16
734,1999-03-28,13,14,19,29,31,43,27
735,1999-03-31,2,28,32,34,42,44,13
736,1999-04-04,16,26,31,38,44,45,21
737,1999-04-07,4,5,11,37,38,43,39
738,1999-04-11,7,15,20,23,29,44,2
739,1999-04-14,3,13,16,25,31,36,20
740,1999-04-18,8,24,25,32,43,45,15
741,1999-04-21,1,16,23,36,39,42,6
742,1999-04-25,3,9,16,20,43,44,4
743,1999-04-28,3,7,15,23,24,43,39
744,1999-05-02,9,18,20,25,33,39,2
745,1999-05-05,8,15,24,26,27,40,37
746,1999-05-09,10,12,17,19,37,42,39
747,1999-05-12,32,34,36,38,43,45,16
748,1999-05-16,2,5,12,14,25,26,42
749,1999-05-19,3,6,17,19,20,39,42
750,1999-05-23,14,15,25,26,34,45,3
751,1999-05-26,4,5,29,31,33,37,44
752,1999-05-30,3,6,16,17,18,31,33
753,1999-06-02,7,14,16,33,44,45,9
754,1999-06-06,8,10,17,18,23,44,37
755,1999-06-09,4,6,7,14,27,29,35
756,1999-06-13,4,10,16,35,40,43,24
757,1999-06-16,9,11,13,14,21,36,30
758,1999-06-20,10,19,21,24,28,43,13
759,1999-06-23,10,11,21,31,39,43,17
760,1999-06-27,6,9,16,28,41,43,40
761,1999-06-30,1,13,22,25,29,34,26
762,1999-07-04,2,8,22,24,27,35,5
763,1999-07-07,3,10,16,18,23,27,4
764,1999-07-11,5,9,29,30,33,41,42
765,1999-07-14,1,16,17,29,30,36,44
766,1999-07-18,8,13,19,29,34,39,21
767,1999-07-21,16,22,23,29,40,44,28
768,1999-07-25,7,14,18,22,33,36,26
769,1999-07-28,3,12,21,23,29,32,45
770,1999-08-01,21,25,31,34,38,45,2
771,1999-08-04,8,9,19,21,24,41,16
772,1999-08-08,13,20,21,25,30,38,6
773,1999-08-11,3,4,7,12,36,41,43
774,1999-08-15,13,15,26,28,31,37,41
775,1999-08-18,1,16,17,25,32,42,37
776,1999-08-22,3,27,28,33,36,37,20
777,1999-08-25,4,5,8,34,38,41,13
778,1999-08-29,2,3,24,26,43,44,27
779,1999-09-01,3,6,10,13,21,43,7
780,1999-09-05,3,5,25,28,37,39,44
781,1999-09-08,12,13,15,17,23,34,44
782,1999-09-12,4,17,20,30,32,43,7
783,1999-09-15,1,4,18,21,22,30,12
784,1999-09-19,3,5,7,20,38,42,37
785,1999-09-22,4,6,12,19,22,28,35
786,1999-09-26,4,7,11,15,27,42,26
787,1999-09-29,24,27,29,31,34,43,44
788,1999-10-03,5,15,20,28,30,42,43
789,1999-10-06,7,8,10,26,35,44,19
790,1999-10-10,3,13,23,32,35,43,25
791,1999-10-13,16,20,27,28,33,36,34
792,1999-10-17,1,22,23,25,29,30,38
793,1999-10-20,5,14,32,37,39,40,11
794,1999-10-24,13,14,18,40,41,42,2
795,1999-10-27,1,11,32,35,38,42,23
796,1999-10-31,5,11,13,17,37,38,20
797,1999-11-03,8,21,22,27,29,32,25
798,1999-11-07,9,10,12,14,26,39,2
799,1999-11-10,6,11,17,32,35,45,7
800,1999-11-14,13,17,19,34,39,45,21
801,1999-11-17,7,14,28,32,33,40,4
802,1999-11-21,1,3,15,22,32,44,39
803,1999-11-24,1,19,29,31,42,43,30
804,1999-11-28,5,16,23,27,34,37,39
805,1999-12-01,4,18,20,24,29,44,35
806,1999-12-05,17,28,29,31,39,43,1
807,1999-12-08,1,22,24,29,31,38,10
808,1999-12-12,21,25,29,33,37,42,16
809,1999-12-15,6,10,13,19,29,35,1
810,1999-12-19,4,18,22,23,40,45,39
811,1999-12-22,6,17,21,36,43,44,24
812,1999-12-26,2,6,16,23,33,42,37
813,1999-12-29,10,19,20,25,36,45,2
814,2000-01-02,3,9,21,38,39,42,41
815,2000-01-05,3,19,23,24,28,43,33
816,2000-01-09,3,8,25,35,42,43,36
817,2000-01-12,2,6,17,20,29,37,39
818,2000-01-16,10,27,30,31,34,40,4
819,2000-01-19,8,17,20,26,35,36,32
820,2000-01-23,3,9,19,24,40,43,17
821,2000-01-26,5,21,30,36,40,43,26
822,2000-01-30,14,24,33,34,37,42,35
823,2000-02-02,10,22,29,35,38,45,31
824,2000-02-06,6,7,16,17,24,42,40
825,2000-02-09,7,8,11,25,32,36,20
826,2000-02-13,9,13,21,23,31,34,8
827,2000-02-16,4,7,8,19,35,37,14
828,2000-02-20,21,27,28,35,39,40,37
829,2000-02-23,13,22,26,33,35,43,6
830,2000-02-27,7,10,12,21,39,42,17
831,2000-03-01,3,9,11,15,16,22,8
832,2000-03-05,5,16,17,29,36,44,8
833,2000-03-08,3,4,7,9,14,34,11
834,2000-03-12,8,10,22,27,32,45,38
835,2000-03-15,5,14,19,24,25,40,8
836,2000-03-19,1,20,23,39,40,41,31
837,2000-03-22,3,4,7,20,22,43,32
838,2000-03-26,9,16,24,28,35,36,39
839,2000-03-29,10,14,17,27,41,45,33
840,2000-04-02,2,3,4,21,28,36,45
841,2000-04-05,3,15,30,32,33,34,22
842,2000-04-09,4,15,16,19,23,45,28
843,2000-04-12,3,7,8,22,43,45,32
844,2000-04-16,5,9,12,14,16,30,8
845,2000-04-19,18,21,23,27,43,45,24
846,2000-04-23,22,24,25,27,42,45,16
847,2000-04-26,1,10,12,20,38,45,44
848,2000-04-30,7,11,30,31,38,41,24
849,2000-05-03,11,12,27,32,40,42,19
850,2000-05-07,4,6,24,30,31,32,22
851,2000-05-10,4,17,25,34,40,45,33
852,2000-05-14,1,11,29,30,41,43,23
853,2000-05-17,2,27,28,37,38,45,29
854,2000-05-21,7,12,19,24,25,27,43
855,2000-05-24,11,14,16,20,25,26,38
856,2000-05-28,11,21,32,35,44,45,1
857,2000-05-31,9,15,16,20,33,45,27
858,2000-06-04,6,7,39,40,43,45,34
859,2000-06-07,8,17,27,34,35,38,36
860,2000-06-11,3,6,12,13,21,28,25
861,2000-06-14,2,10,11,16,22,44,20
862,2000-06-18,13,14,25,31,36,40,35
863,2000-06-21,8,9,11,17,24,43,5
864,2000-06-25,26,27,29,37,39,44,7
865,2000-06-28,3,13,17,28,33,37,18
866,2000-07-02,1,2,4,6,7,27,45
867,2000-07-05,7,9,14,28,29,40,30
868,2000-07-09,15,19,27,30,38,43,42
869,2000-07-12,13,21,23,34,37,38,7
870,2000-07-16,1,3,8,11,28,35,9
871,2000-07-19,5,7,14,32,35,41,3
872,2000-07-23,3,4,17,20,21,44,32
873,2000-07-26,1,2,11,16,26,32,30
874,2000-07-30,8,15,18,21,34,42,4
875,2000-08-02,12,16,19,36,44,45,20
876,2000-08-06,3,6,16,21,32,38,12
877,2000-08-09,22,33,34,39,40,45,41
878,2000-08-13,8,14,19,28,31,43,30
879,2000-08-16,1,6,7,9,11,25,37
880,2000-08-20,25,27,28,31,36,39,17
881,2000-08-23,1,9,13,19,23,30,15
882,2000-08-27,3,16,29,41,42,43,7
883,2000-08-30,1,5,12,37,40,45,16
884,2000-09-03,2,10,26,36,40,45,30
885,2000-09-06,7,28,31,32,41,42,21
886,2000-09-10,6,11,17,19,32,44,2
887,2000-09-13,7,9,10,27,41,44,23
888,2000-09-17,11,21,22,35,42,43,33
889,2000-09-20,2,12,17,27,41,45,26
890,2000-09-24,3,11,31,32,36,40,30
891,2000-09-27,1,10,16,32,35,37,39
892,2000-10-01,2,6,26,38,44,45,5
893,2000-10-04,2,11,15,24,28,38,19
894,2000-10-08,5,14,29,31,34,38,43
895,2000-10-11,4,21,26,33,37,41,27
896,2000-10-15,12,13,14,23,32,36,1
897,2000-10-18,5,6,14,16,22,40,28
898,2000-10-22,10,26,28,32,33,43,3
899,2000-10-25,9,10,12,18,37,43,11
900,2000-10-29,9,15,16,29,37,44,32
901,2000-11-01,3,19,20,28,39,45,14
902,2000-11-05,1,2,12,16,27,37,28
903,2000-11-08,2,21,22,28,40,41,24
904,2000-11-12,5,14,26,34,40,43,31
905,2000-11-15,8,14,16,17,21,32,37
906,2000-11-19,4,15,19,23,25,28,31
907,2000-11-22,2,6,14,16,18,42,10
908,2000-11-26,15,16,25,30,37,41,13
909,2000-11-29,8,9,18,23,35,36,24
910,2000-12-03,3,12,15,17,19,32,13
911,2000-12-06,1,13,18,32,37,42,38
912,2000-12-10,1,5,32,35,37,44,22
913,2000-12-13,12,14,16,20,28,40,42
914,2000-12-17,4,9,16,31,35,37,15
915,2000-12-20,7,26,30,36,37,41,38
916,2000-12-23,7,31,37,40,42,43,12
917,2000-12-27,6,13,24,34,37,38,33
918,2000-12-31,1,3,24,36,39,40,42
919,2001-01-03,4,7,24,37,39,44,26
920,2001-01-07,29,31,35,37,40,41,8
921,2001-01-10,9,16,18,20,23,29,26
922,2001-01-14,19,24,27,32,38,44,30
923,2001-01-17,1,15,29,30,36,45,5
924,2001-01-21,2,7,14,21,26,30,32
925,2001-01-24,15,20,24,38,39,41,35
926,2001-01-28,3,7,11,15,37,42,34
927,2001-01-31,1,26,30,32,37,39,42
928,2001-02-04,10,12,18,20,29,43,4
929,2001-02-07,5,8,15,27,30,31,10
930,2001-02-11,6,8,10,11,12,35,23
931,2001-02-14,3,16,17,25,38,41,36
932,2001-02-18,1,2,5,7,28,37,8
933,2001-02-21,2,6,8,12,16,33,1
934,2001-02-25,13,20,22,29,38,41,4
935,2001-02-28,2,3,11,24,32,43,18
936,2001-03-04,6,7,8,29,39,41,38
937,2001-03-07,8,15,24,30,32,44,38
938,2001-03-11,1,2,7,25,28,38,32
939,2001-03-14,5,18,25,27,29,30,20
940,2001-03-18,13,20,30,33,37,38,2
941,2001-03-21,5,10,13,22,38,41,33
942,2001-03-25,23,24,27,29,42,44,12
943,2001-03-28,5,6,7,15,30,40,36
944,2001-04-01,1,13,28,33,37,41,22
945,2001-04-04,4,7,14,40,41,44,1
946,2001-04-08,1,4,7,8,26,27,12
947,2001-04-11,4,5,20,24,27,29,44
948,2001-04-15,9,14,34,40,42,45,11
949,2001-04-18,2,10,15,18,21,37,44
950,2001-04-22,4,18,19,22,41,44,14
951,2001-04-25,1,11,17,19,22,36,34
952,2001-04-29,8,15,25,28,29,37,2
953,2001-05-02,10,18,19,33,39,45,27
954,2001-05-06,6,27,30,34,39,43,35
955,2001-05-09,9,10,11,30,32,39,35
956,2001-05-13,11,19,28,29,37,44,3
957,2001-05-16,6,8,10,27,29,37,45
958,2001-05-20,2,23,33,37,40,43,31
959,2001-05-23,6,16,20,31,40,41,23
960,2001-05-27,22,23,32,35,36,45,3
961,2001-05-30,7,9,22,25,29,34,4
962,2001-06-03,1,6,15,19,32,38,29
963,2001-06-06,3,6,11,17,41,42,19
964,2001-06-10,1,3,5,6,10,13,43
965,2001-06-13,11,20,28,30,42,43,9
966,2001-06-17,3,6,17,24,37,41,25
967,2001-06-20,6,20,23,24,29,32,41
968,2001-06-24,4,23,27,31,38,41,17
969,2001-06-27,3,16,28,32,39,43,38
970,2001-07-01,8,15,19,31,34,44,7
971,2001-07-04,4,7,16,17,24,45,15
972,2001-07-08,13,18,23,24,39,44,36
973,2001-07-11,21,23,29,40,41,42,5
974,2001-07-15,2,5,6,8,11,36,27
975,2001-07-18,7,16,20,33,36,43,37
976,2001-07-22,12,20,25,27,40,44,2
977,2001-07-25,13,21,23,38,42,45,33
978,2001-07-29,2,12,18,21,37,43,23
979,2001-08-01,6,11,18,32,35,45,25
980,2001-08-05,7,11,18,20,35,37,32
981,2001-08-08,1,2,17,18,24,33,38
982,2001-08-12,6,20,31,32,33,43,16
983,2001-08-15,6,14,27,29,31,41,2
984,2001-08-19,10,14,26,30,36,42,20
985,2001-08-22,8,18,28,30,33,36,14
986,2001-08-26,2,8,20,21,39,43,45
987,2001-08-29,11,23,24,28,39,41,33
988,2001-09-02,15,26,28,40,41,45,5
989,2001-09-05,4,9,25,38,42,43,20
990,2001-09-09,9,15,16,20,26,29,12
991,2001-09-12,3,5,14,24,29,42,6
992,2001-09-16,11,15,18,21,23,27,13
993,2001-09-19,7,10,15,27,31,41,35
994,2001-09-23,5,7,15,33,35,40,13
995,2001-09-26,18,27,34,35,36,43,7
996,2001-09-30,2,4,5,13,28,36,17
997,2001-10-03,9,11,13,17,23,24,1
998,2001-10-07,4,6,14,18,34,35,30
999,2001-10-10,8,20,24,31,33,43,18
1000,2001-10-14,6,26,31,32,35,38,3
1001,2001-10-17,3,11,12,25,26,44,27
1002,2001-10-21,7,12,20,29,41,42,9
1003,2001-10-24,13,16,18,27,37,44,31
1004,2001-10-28,14,18,31,33,36,37,39
1005,2001-10-31,2,10,14,21,31,34,26
1006,2001-11-04,11,12,31,37,41,43,40
1007,2001-11-07,17,23,30,37,40,42,15
1008,2001-11-11,9,19,20,21,31,35,8
1009,2001-11-14,8,15,16,36,38,42,9
1010,2001-11-18,7,11,24,25,26,30,44
1011,2001-11-21,8,17,22,31,35,41,44
1012,2001-11-25,5,10,13,21,36,37,15
1013,2001-11-28,2,8,20,22,30,31,27
1014,2001-12-02,4,17,19,31,35,44,43
1015,2001-12-05,8,17,18,32,33,42,11
1016,2001-12-09,3,6,7,23,32,35,40
1017,2001-12-12,8,17,24,28,37,38,16
1018,2001-12-16,3,5,8,19,24,44,2
1019,2001-12-19,2,5,24,26,38,40,18
1020,2001-12-23,3,7,16,24,30,34,12
1021,2001-12-26,1,14,17,19,25,31,29
1022,2001-12-29,6,10,11,21,31,37,40
1023,2002-01-02,7,23,24,33,36,39,3
1024,2002-01-06,13,20,28,30,39,43,25
1025,2002-01-09,10,17,33,39,42,43,29
1026,2002-01-13,4,5,30,33,35,42,10
1027,2002-01-16,4,21,26,35,39,43,28
1028,2002-01-20,3,4,29,34,36,42,20
1029,2002-01-23,6,14,20,21,26,37,15
1030,2002-01-27,3,6,13,36,38,39,30
1031,2002-01-30,1,14,24,26,32,39,25
1032,2002-02-03,18,21,25,37,40,43,32
1033,2002-02-06,1,3,6,16,29,39,2
1034,2002-02-10,8,24,25,32,36,43,14
1035,2002-02-13,1,19,27,30,39,45,13
1036,2002-02-17,1,6,14,18,25,37,39
1037,2002-02-20,11,16,24,39,43,44,31
1038,2002-02-24,10,12,17,27,42,45,34
1039,2002-02-27,2,7,10,39,42,45,1
1040,2002-03-03,2,3,7,14,41,42,37
1041,2002-03-06,2,13,23,30,34,45,3
1042,2002-03-10,9,21,25,28,37,44,5
1043,2002-03-13,5,8,22,32,34,43,29
1044,2002-03-17,4,10,12,27,37,41,18
1045,2002-03-20,16,29,32,37,41,43,38
1046,2002-03-24,1,3,13,32,34,37,36
1047,2002-03-27,4,8,20,23,34,39,7
1048,2002-03-31,6,18,33,36,37,38,30
1049,2002-04-03,16,22,30,36,38,44,41
1050,2002-04-07,1,11,22,36,42,43,31
1051,2002-04-10,3,8,15,26,33,44,30
1052,2002-04-14,2,4,5,13,20,23,10
1053,2002-04-17,1,18,21,22,26,39,19
1054,2002-04-21,8,16,19,24,34,44,5
1055,2002-04-24,3,9,14,17,20,44,35
1056,2002-04-28,5,8,11,13,22,28,42
1057,2002-05-01,3,16,22,32,43,44,36
1058,2002-05-05,13,14,19,21,28,33,11
1059,2002-05-08,3,5,27,31,39,42,15
1060,2002-05-12,8,12,16,39,42,43,18
1061,2002-05-15,5,9,11,39,43,44,40
1062,2002-05-19,8,10,19,21,27,34,2
1063,2002-05-22,8,11,23,29,31,33,10
1064,2002-05-26,18,21,30,32,40,41,3
1065,2002-05-29,16,24,25,26,32,45,8
1066,2002-06-02,5,7,14,27,36,40,18
1067,2002-06-05,1,6,7,20,34,39,36
1068,2002-06-09,14,15,20,33,36,44,30
1069,2002-06-12,3,10,14,19,25,43,21
1070,2002-06-16,2,4,10,24,36,39,44
1071,2002-06-19,8,9,20,28,37,38,5
1072,2002-06-23,2,3,4,18,26,35,23
1073,2002-06-26,1,10,15,25,29,43,3
1074,2002-06-30,7,22,25,30,31,44,26
1075,2002-07-03,2,9,10,15,38,45,35
1076,2002-07-07,4,12,37,40,42,45,25
1077,2002-07-10,5,8,25,31,34,36,14
1078,2002-07-14,3,12,24,25,30,33,27
1079,2002-07-17,6,10,23,24,30,31,13
1080,2002-07-21,7,20,22,36,38,39,15
1081,2002-07-24,4,14,22,27,31,41,36
1082,2002-07-28,5,8,17,18,40,43,33
1083,2002-07-31,1,8,18,22,23,40,24
1084,2002-08-04,1,14,15,19,39,45,5
1085,2002-08-07,1,3,14,26,40,44,28
1086,2002-08-11,11,13,16,20,23,28,22
1087,2002-08-14,10,14,27,28,43,44,41
1088,2002-08-18,3,7,13,24,26,39,15
1089,2002-08-21,8,11,14,25,42,44,1
1090,2002-08-25,12,14,18,20,34,42,26
1091,2002-08-28,3,5,11,19,30,40,14
1092,2002-09-01,4,9,11,13,14,35,45
1093,2002-09-04,1,3,12,15,18,21,20
1094,2002-09-08,7,26,31,33,37,42,14
1095,2002-09-11,2,18,29,31,32,36,23
1096,2002-09-15,14,31,35,36,39,45,40
1097,2002-09-18,6,22,25,34,41,43,31
1098,2002-09-22,3,6,17,27,31,38,30
1099,2002-09-25,9,23,27,28,33,41,32
1100,2002-09-29,3,11,20,26,32,37,5
1101,2002-10-02,4,5,10,13,14,41,27
1102,2002-10-06,5,11,15,17,31,34,24
1103,2002-10-09,1,25,26,27,39,45,10
1104,2002-10-13,12,22,23,28,32,44,20
1105,2002-10-16,3,7,17,19,36,42,35
1106,2002-10-20,11,13,19,21,23,38,25
1107,2002-10-23,3,12,15,25,38,43,44
1108,2002-10-27,7,9,25,27,32,38,43
1109,2002-10-30,3,12,15,23,34,37,29
1110,2002-11-03,1,12,13,19,32,42,26
1111,2002-11-06,5,8,12,15,31,33,17
1112,2002-11-10,1,4,10,17,19,20,18
1113,2002-11-13,1,14,29,36,41,44,3
1114,2002-11-17,2,11,16,26,31,40,17
1115,2002-11-20,8,12,22,41,44,45,37
1116,2002-11-24,4,10,21,32,33,45,3
1117,2002-11-27,1,2,9,12,17,39,27
1118,2002-12-01,2,12,13,20,22,23,9
1119,2002-12-04,1,5,12,19,20,35,25
1120,2002-12-08,3,12,19,38,43,45,17
1121,2002-12-11,2,7,8,18,32,36,11
1122,2002-12-15,5,7,10,18,21,37,2
1123,2002-12-18,9,23,26,36,43,45,11
1124,2002-12-22,1,4,19,28,34,45,13
1125,2002-12-25,4,23,39,40,41,42,34
1126,2002-12-29,6,12,14,17,21,33,24
1127,2003-01-01,6,7,13,15,23,33,42
1128,2003-01-05,5,13,19,25,40,41,8
1129,2003-01-08,7,10,12,22,34,43,13
1130,2003-01-12,2,7,12,25,40,42,27
1131,2003-01-15,12,14,16,24,31,34,1
1132,2003-01-19,8,13,28,32,34,39,25
1133,2003-01-22,8,10,20,23,38,41,18
1134,2003-01-26,17,18,29,38,40,44,2
1135,2003-01-29,6,7,12,18,30,43,24
1136,2003-02-02,2,3,13,15,30,36,37
1137,2003-02-05,3,9,14,18,28,30,7
1138,2003-02-09,17,19,27,31,40,45,24
1139,2003-02-12,4,11,24,33,34,41,39
1140,2003-02-16,7,8,12,19,25,38,9
1141,2003-02-19,2,5,19,29,40,44,11
1142,2003-02-23,4,11,22,31,34,40,27
1143,2003-02-26,13,15,27,33,36,44,22
1144,2003-03-02,10,18,19,29,35,44,28
1145,2003-03-05,8,9,12,15,19,32,28
1146,2003-03-09,21,24,30,31,35,40,36
1147,2003-03-12,2,3,6,24,25,26,34
1148,2003-03-16,6,11,13,15,16,26,35
1149,2003-03-19,4,9,10,16,36,41,26
1150,2003-03-23,6,20,27,37,38,42,43
1151,2003-03-26,17,26,29,36,37,43,44
1152,2003-03-30,3,9,16,17,39,45,38
1153,2003-04-02,6,14,22,23,25,44,5
1154,2003-04-06,10,14,17,27,31,38,37
1155,2003-04-09,6,16,18,19,23,33,36
1156,2003-04-13,7,12,17,20,24,38,9
1157,2003-04-16,3,6,20,30,41,43,40
1158,2003-04-20,7,9,11,31,34,38,40
1159,2003-04-23,14,15,16,33,35,38,39
1160,2003-04-27,9,16,28,32,37,42,29
1161,2003-04-30,11,17,26,36,38,44,20
1162,2003-05-04,23,25,34,37,42,43,36
1163,2003-05-07,3,16,32,34,43,45,36
1164,2003-05-11,21,22,23,34,40,41,39
1165,2003-05-14,4,5,8,9,28,38,35
1166,2003-05-18,2,8,9,16,29,31,7
1167,2003-05-21,5,14,15,24,26,45,23
1168,2003-05-25,3,21,23,31,33,41,7
1169,2003-05-28,1,20,29,30,33,43,44
1170,2003-06-01,1,15,29,32,37,42,31
1171,2003-06-04,3,23,24,26,39,43,32
1172,2003-06-08,11,17,22,31,41,44,19
1173,2003-06-11,10,19,21,23,37,41,18
1174,2003-06-15,13,14,19,26,28,42,2
1175,2003-06-18,12,13,19,28,32,37,29
1176,2003-06-22,2,16,24,29,31,43,23
1177,2003-06-25,15,19,26,29,30,39,34
1178,2003-06-29,17,19,25,29,32,42,6
1179,2003-07-02,11,14,17,25,32,40,12
1180,2003-07-06,4,32,41,42,43,44,45
1181,2003-07-09,13,17,21,32,39,43,40
1182,2003-07-13,2,12,13,39,42,44,37
1183,2003-07-16,6,8,17,23,25,45,39
1184,2003-07-20,7,10,15,21,34,39,1
1185,2003-07-23,5,7,8,25,32,37,10
1186,2003-07-27,3,13,24,25,30,44,23
1187,2003-07-30,7,13,19,27,32,36,9
1188,2003-08-03,2,10,26,28,39,42,29
1189,2003-08-06,7,16,23,29,34,45,15
1190,2003-08-10,2,9,22,24,26,30,14
1191,2003-08-13,7,9,21,30,38,43,10
1192,2003-08-17,1,7,18,26,27,42,6
1193,2003-08-20,3,11,12,22,25,38,15
1194,2003-08-24,5,8,10,16,29,33,4
1195,2003-08-27,1,21,32,37,39,41,22
1196,2003-08-31,6,14,17,19,25,33,27
1197,2003-09-03,2,6,22,29,33,44,3
1198,2003-09-07,3,9,15,29,34,38,41
1199,2003-09-10,7,22,32,34,37,38,45
1200,2003-09-14,9,11,14,24,28,44,4
1201,2003-09-17,8,14,16,40,42,43,1
1202,2003-09-21,3,5,21,30,37,44,13
1203,2003-09-24,10,17,21,28,33,42,31
1204,2003-09-28,3,17,35,39,40,44,15
1205,2003-10-01,2,13,15,27,42,43,4
1206,2003-10-05,7,8,9,18,43,44,29
1207,2003-10-08,2,17,19,27,30,40,22
1208,2003-10-12,1,11,21,29,32,44,42
1209,2003-10-15,9,11,13,25,31,38,36
1210,2003-10-19,1,6,25,27,30,33,26
1211,2003-10-22,7,25,31,34,40,45,5
1212,2003-10-26,13,14,19,22,44,45,26
1213,2003-10-29,16,17,23,26,38,41,33
1214,2003-11-02,3,15,27,29,31,35,34
1215,2003-11-05,17,27,29,30,34,37,35
1216,2003-11-09,16,22,26,34,35,39,30
1217,2003-11-12,7,10,11,15,19,27,35
1218,2003-11-16,6,9,14,20,26,28,24
1219,2003-11-19,16,25,27,29,34,42,28
1220,2003-11-23,6,11,12,15,28,44,13
1221,2003-11-26,7,26,27,34,35,43,38
1222,2003-11-30,2,3,8,21,37,41,13
1223,2003-12-03,8,15,18,20,30,35,14
1224,2003-12-07,4,16,22,34,43,44,28
1225,2003-12-10,15,16,28,36,41,43,2
1226,2003-12-14,7,13,21,23,24,44,42
1227,2003-12-17,2,19,25,30,32,33,21
1228,2003-12-21,7,21,24,26,28,37,3
1229,2003-12-25,10,17,18,25,32,36,30
1230,2003-12-28,7,9,24,25,30,37,44
1231,2003-12-31,6,7,10,14,20,38,1
1232,2004-01-04,25,26,27,36,41,43,45
1233,2004-01-07,13,20,27,41,42,45,6
1234,2004-01-11,8,13,14,17,19,43,23
1235,2004-01-14,2,4,6,26,31,43,37
1236,2004-01-18,14,17,22,25,33,45,3
1237,2004-01-21,6,10,19,26,39,41,14
1238,2004-01-25,15,18,24,34,43,45,38
1239,2004-01-28,5,12,18,32,33,39,9
1240,2004-02-01,18,23,27,31,33,36,6
1241,2004-02-04,7,15,26,34,35,43,31
1242,2004-02-08,2,8,17,26,31,37,40
1243,2004-02-11,8,29,33,34,35,40,7
1244,2004-02-15,11,14,18,26,35,36,3
1245,2004-02-18,13,23,25,31,34,41,35
1246,2004-02-22,7,16,33,34,35,40,28
1247,2004-02-25,20,25,27,29,36,39,41
1248,2004-02-29,5,8,13,23,37,43,20
1249,2004-03-03,6,11,15,18,23,29,30
1250,2004-03-07,6,12,22,33,39,41,37
1251,2004-03-10,3,6,12,22,34,37,21
1252,2004-03-14,2,5,9,17,19,36,41
1253,2004-03-17,6,7,20,29,38,40,3
1254,2004-03-21,11,12,21,24,32,45,41
1255,2004-03-24,2,5,23,24,37,43,16
1256,2004-03-28,22,24,25,29,41,42,13
1257,2004-03-31,8,12,15,17,34,38,16
1258,2004-04-04,10,13,29,32,41,42,19
1259,2004-04-07,4,21,23,30,35,42,17
1260,2004-04-11,6,17,21,24,29,41,25
1261,2004-04-14,10,17,26,27,30,34,22
1262,2004-04-18,4,13,17,24,30,32,1
1263,2004-04-21,14,15,24,25,31,33,44
1264,2004-04-25,6,18,23,29,39,40,2
1265,2004-04-28,4,6,9,25,31,43,23
1266,2004-05-02,12,17,18,28,39,45,40
1267,2004-05-05,10,18,23,25,30,37,17
1268,2004-05-09,5,10,23,26,27,35,22
1269,2004-05-12,5,18,25,34,38,41,26
1270,2004-05-16,1,6,8,11,40,42,18
1271,2004-05-19,5,11,16,21,26,32,43
1272,2004-05-23,2,4,5,27,37,44,32
1273,2004-05-26,6,20,27,30,40,45,26
1274,2004-05-30,8,11,13,20,34,38,5
1275,2004-06-02,1,4,7,9,13,44,27
1276,2004-06-06,4,9,15,17,18,22,36
1277,2004-06-09,4,27,35,37,39,45,29
1278,2004-06-13,1,5,8,37,44,45,11
1279,2004-06-16,20,23,28,31,40,43,35
1280,2004-06-20,15,16,27,32,38,44,9
1281,2004-06-23,3,20,21,27,38,42,8
1282,2004-06-27,5,22,32,37,38,42,20
1283,2004-06-30,5,6,17,25,27,29,35
1284,2004-07-04,2,19,20,32,35,45,15
1285,2004-07-07,2,16,23,30,31,40,21
1286,2004-07-11,1,5,6,12,27,45,23
1287,2004-07-14,5,18,22,24,25,28,31
1288,2004-07-18,1,9,17,22,26,40,43
1289,2004-07-21,3,4,5,7,33,38,9
1290,2004-07-25,14,23,24,35,41,42,28
1291,2004-07-28,2,10,30,31,35,45,26
1292,2004-08-01,12,17,19,22,30,44,13
1293,2004-08-04,4,16,21,25,36,42,34
1294,2004-08-08,3,8,26,35,43,44,23
1295,2004-08-11,3,9,13,20,21,23,44
1296,2004-08-15,9,24,25,34,42,45,36
1297,2004-08-18,1,7,14,27,29,38,9
1298,2004-08-22,6,9,11,13,32,34,39
1299,2004-08-25,5,15,32,37,43,45,42
1300,2004-08-29,8,13,17,28,38,44,7
1301,2004-09-01,1,10,18,24,40,42,22
1302,2004-09-05,3,20,25,28,40,44,9
1303,2004-09-08,5,17,23,27,34,43,3
1304,2004-09-12,7,8,17,22,24,29,44
1305,2004-09-15,8,15,17,20,28,30,10
1306,2004-09-19,17,18,19,27,29,32,23
1307,2004-09-22,2,9,23,35,41,44,8
1308,2004-09-26,3,8,15,22,24,25,28
1309,2004-09-29,5,7,20,29,34,38,28
1310,2004-10-03,2,25,29,32,41,45,42
1311,2004-10-06,9,12,20,27,42,43,38
1312,2004-10-10,24,31,38,40,42,45,23
1313,2004-10-13,3,12,25,33,43,45,41
1314,2004-10-17,1,4,14,32,41,42,29
1315,2004-10-20,5,20,29,34,39,42,25
1316,2004-10-24,2,8,17,26,33,42,7
1317,2004-10-27,5,7,25,39,40,45,22
1318,2004-10-31,7,19,35,37,38,40,15
1319,2004-11-03,10,14,20,34,38,42,7
1320,2004-11-07,2,14,27,31,36,39,41
1321,2004-11-10,8,16,18,33,36,40,34
1322,2004-11-14,7,12,18,31,36,42,15
1323,2004-11-17,3,20,33,36,40,43,21
1324,2004-11-21,2,17,18,37,39,44,4
1325,2004-11-24,1,2,12,25,36,41,13
1326,2004-11-28,5,6,15,31,39,45,32
1327,2004-12-01,2,11,17,20,24,27,28
1328,2004-12-05,12,13,24,35,43,45,26
1329,2004-12-08,3,12,13,17,18,27,16
1330,2004-12-12,4,15,29,31,35,41,20
1331,2004-12-15,3,7,9,20,24,43,29
1332,2004-12-19,9,17,20,35,36,44,15
1333,2004-12-22,5,16,32,33,36,43,11
1334,2004-12-26,8,13,20,25,30,37,12
1335,2004-12-29,4,13,14,31,35,41,27
1336,2005-01-02,1,3,27,30,39,42,36
1337,2005-01-05,2,3,6,10,14,27,32
1338,2005-01-09,15,23,24,29,32,35,5
1339,2005-01-12,2,5,13,30,42,45,17
1340,2005-01-16,3,8,34,38,41,44,11
1341,2005-01-19,2,10,12,23,34,40,9
1342,2005-01-23,14,15,20,25,31,40,9
1343,2005-01-26,22,24,35,36,40,42,39
1344,2005-01-30,5,7,8,18,36,42,13
1345,2005-02-02,1,6,10,14,26,35,19
1346,2005-02-06,3,21,22,27,33,37,2
1347,2005-02-09,5,11,19,21,25,43,20
1348,2005-02-13,3,8,11,16,21,36,32
1349,2005-02-16,5,17,22,38,39,40,13
1350,2005-02-20,5,8,17,24,31,37,9
1351,2005-02-23,11,18,23,29,33,39,27
1352,2005-02-27,6,11,14,32,38,44,27
1353,2005-03-02,17,25,29,35,38,40,44
1354,2005-03-06,12,14,15,16,23,37,32
1355,2005-03-09,6,11,14,27,30,43,20
1356,2005-03-13,11,21,35,38,39,44,19
1357,2005-03-16,9,10,12,17,40,42,11
1358,2005-03-20,3,5,27,29,40,41,22
1359,2005-03-23,5,16,24,33,39,41,9
1360,2005-03-27,15,27,35,38,39,41,34
1361,2005-03-30,12,19,24,27,29,43,15
1362,2005-04-03,5,17,22,29,32,42,31
1363,2005-04-06,11,24,26,36,39,44,25
1364,2005-04-10,1,2,6,12,28,45,43
1365,2005-04-13,2,4,21,29,35,42,31
1366,2005-04-17,10,12,22,23,25,38,37
1367,2005-04-20,8,9,18,36,39,40,37
1368,2005-04-24,20,27,37,39,43,44,22
1369,2005-04-27,2,4,7,15,17,26,9
1370,2005-05-01,1,18,24,29,32,42,23
1371,2005-05-04,5,23,35,38,40,45,33
1372,2005-05-08,1,10,18,21,30,37,9
1373,2005-05-11,4,14,25,26,30,45,13
1374,2005-05-15,1,4,12,16,37,45,20
1375,2005-05-18,15,19,23,24,39,42,5
1376,2005-05-22,5,14,18,29,32,40,15
1377,2005-05-25,2,3,8,11,22,23,26
1378,2005-05-29,6,11,13,15,37,40,29
1379,2005-06-01,3,7,23,26,31,41,10
1380,2005-06-05,9,11,19,24,26,30,32
1381,2005-06-08,3,9,12,32,40,42,8
1382,2005-06-12,6,21,23,26,28,30,12
1383,2005-06-15,2,3,4,11,34,40,33
1384,2005-06-19,3,20,32,33,34,35,24
1385,2005-06-22,2,6,15,17,26,31,29
1386,2005-06-26,4,7,19,28,31,42,32
1387,2005-06-29,3,7,9,12,24,30,1
1388,2005-07-03,1,8,9,10,18,31,3
1389,2005-07-06,1,8,17,31,41,45,16
1390,2005-07-10,2,5,6,11,42,45,36
1391,2005-07-13,14,24,33,34,38,43,25
1392,2005-07-17,3,4,10,17,19,30,23
1393,2005-07-20,13,18,21,37,39,41,38
1394,2005-07-24,8,11,12,35,40,42,24
1395,2005-07-27,2,13,17,28,40,41,1
1396,2005-07-31,5,7,23,31,37,41,20
1397,2005-08-03,11,27,31,35,40,43,4
1398,2005-08-07,16,23,27,32,41,44,11
1399,2005-08-10,18,23,24,36,40,45,12
1400,2005-08-14,2,10,16,27,29,37,36
1401,2005-08-17,1,5,16,29,31,43,28
1402,2005-08-21,16,18,31,33,36,37,1
1403,2005-08-24,3,7,9,24,31,32,38
1404,2005-08-28,1,10,23,28,37,42,11
1405,2005-08-31,15,17,23,24,31,42,34
1406,2005-09-04,1,12,20,22,32,44,13
1407,2005-09-07,12,21,22,28,41,45,5
1408,2005-09-11,6,11,14,37,38,40,7
1409,2005-09-14,8,11,13,14,29,38,1
1410,2005-09-18,12,15,18,22,38,39,28
1411,2005-09-21,2,8,12,13,19,25,30
1412,2005-09-25,3,14,18,19,20,24,38
1413,2005-09-28,3,19,29,42,43,45,4
1414,2005-10-02,17,25,26,35,39,44,9
1415,2005-10-05,3,7,14,19,21,30,27
1416,2005-10-09,5,8,11,24,28,36,9
1417,2005-10-12,2,6,18,24,27,36,20
1418,2005-10-16,4,12,16,19,31,43,9
1419,2005-10-19,13,29,30,35,36,39,1
1420,2005-10-23,13,24,33,37,38,40,6
1421,2005-10-26,5,17,18,33,39,43,32
1422,2005-10-30,14,20,21,38,40,41,32
1423,2005-11-02,5,12,20,34,39,44,41
1424,2005-11-06,11,18,24,28,31,37,27
1425,2005-11-09,1,8,21,25,28,37,23
1426,2005-11-13,6,9,19,32,38,42,40
1427,2005-11-16,4,8,12,16,29,31,2
1428,2005-11-20,7,8,9,39,41,45,37
1429,2005-11-23,14,16,20,21,25,36,33
1430,2005-11-27,3,4,6,11,25,31,21
1431,2005-11-30,8,12,17,21,34,40,2
1432,2005-12-04,7,14,16,18,21,26,35
1433,2005-12-07,2,11,12,14,21,28,4
1434,2005-12-11,2,12,15,26,33,45,24
1435,2005-12-14,4,11,23,25,26,35,16
1436,2005-12-18,6,18,24,27,38,41,20
1437,2005-12-21,2,8,11,30,35,42,1
1438,2005-12-25,1,12,15,27,36,42,35
1439,2005-12-28,2,25,34,39,42,44,24
1440,2006-01-01,19,31,33,36,40,41,17
1441,2006-01-04,9,13,16,29,42,43,30
1442,2006-01-08,13,21,36,40,41,44,20
1443,2006-01-11,26,33,36,39,40,45,28
1444,2006-01-15,15,16,19,22,33,34,13
1445,2006-01-18,4,13,19,22,23,31,45
1446,2006-01-22,4,5,15,20,28,43,39
1447,2006-01-25,5,22,30,39,42,44,11
1448,2006-01-29,6,7,9,28,35,43,44
1449,2006-02-01,5,10,27,33,34,44,16
1450,2006-02-05,1,3,8,10,43,45,17
1451,2006-02-08,3,9,22,25,33,42,34
1452,2006-02-12,7,13,30,34,38,41,15
1453,2006-02-15,8,10,28,37,41,42,44
1454,2006-02-19,22,23,26,35,37,42,12
1455,2006-02-22,4,5,6,9,19,29,15
1456,2006-02-26,1,2,15,18,30,43,26
1457,2006-03-01,1,28,30,31,33,40,23
1458,2006-03-05,8,10,14,15,31,35,23
1459,2006-03-08,1,10,11,26,31,44,38
1460,2006-03-12,9,11,19,22,30,32,39
1461,2006-03-15,5,8,11,20,27,39,43
1462,2006-03-19,1,5,8,26,29,34,4
1463,2006-03-22,5,8,16,36,37,42,17
1464,2006-03-26,4,9,12,24,37,43,13
1465,2006-03-29,2,6,12,17,27,33,29
1466,2006-04-02,5,19,32,34,35,43,28
1467,2006-04-05,6,25,29,41,42,43,30
1468,2006-04-09,10,17,18,30,32,42,35
1469,2006-04-12,7,13,19,24,30,32,22
1470,2006-04-16,3,4,14,23,29,43,33
1471,2006-04-19,1,14,21,23,34,43,11
1472,2006-04-23,7,12,28,37,39,45,21
1473,2006-04-26,4,11,13,24,35,41,25
1474,2006-04-30,5,12,16,21,31,32,42
1475,2006-05-03,6,9,11,18,38,40,32
1476,2006-05-07,4,5,11,15,38,42,12
1477,2006-05-10,13,14,16,18,31,37,30
1478,2006-05-14,3,4,23,31,32,39,44
1479,2006-05-17,6,14,19,31,32,40,3
1480,2006-05-21,1,9,15,26,36,39,5
1481,2006-05-24,6,20,29,33,34,42,4
1482,2006-05-28,7,16,21,34,42,45,27
1483,2006-05-31,21,24,29,31,39,44,12
1484,2006-06-04,4,5,6,7,23,26,16
1485,2006-06-07,9,11,13,21,32,39,44
1486,2006-06-11,12,28,29,31,35,45,6
1487,2006-06-14,9,18,20,23,30,32,43
1488,2006-06-18,1,5,9,26,28,33,19
1489,2006-06-21,2,25,28,35,38,39,22
1490,2006-06-25,4,13,21,34,43,45,29
1491,2006-06-28,15,17,27,34,40,41,22
1492,2006-07-02,7,10,13,30,38,44,36
1493,2006-07-05,7,10,14,19,21,35,36
1494,2006-07-09,1,20,21,26,40,45,38
1495,2006-07-12,5,15,19,32,35,43,23
1496,2006-07-16,17,24,34,37,43,44,3
1497,2006-07-19,20,25,29,32,37,45,1
1498,2006-07-23,2,6,12,17,34,41,15
1499,2006-07-26,8,19,32,35,38,43,44
1500,2006-07-30,3,5,9,12,34,39,29
1501,2006-08-02,1,23,32,38,39,44,6
1502,2006-08-06,7,9,12,18,19,35,1
1503,2006-08-09,3,4,18,21,25,43,6
1504,2006-08-13,1,19,23,25,27,28,18
1505,2006-08-16,3,10,18,28,42,43,37
1506,2006-08-20,13,21,23,28,37,39,15
1507,2006-08-23,7,9,12,23,26,44,41
1508,2006-08-27,4,19,24,39,40,43,13
1509,2006-08-30,2,3,20,21,33,45,29
1510,2006-09-03,1,5,22,23,32,40,31
1511,2006-09-06,1,14,23,25,30,33,32
1512,2006-09-10,4,6,21,36,40,44,39
1513,2006-09-13,2,5,11,23,25,31,19
1514,2006-09-17,4,10,11,19,28,42,17
1515,2006-09-20,4,11,27,40,42,45,29
1516,2006-09-24,14,15,18,31,34,45,38
1517,2006-09-27,3,18,20,25,28,29,19
1518,2006-10-01,5,22,25,38,39,42,16
1519,2006-10-04,6,7,18,28,38,42,35
1520,2006-10-08,11,12,16,17,20,33,34
1521,2006-10-11,3,13,27,29,33,39,21
1522,2006-10-15,8,14,22,25,30,41,28
1523,2006-10-18,4,12,13,22,26,43,10
1524,2006-10-22,6,12,17,26,35,40,3
1525,2006-10-25,8,14,16,31,39,44,27
1526,2006-10-29,9,31,34,36,37,38,45
1527,2006-11-01,15,21,25,26,27,34,19
1528,2006-11-05,3,4,9,14,29,44,27
1529,2006-11-08,20,23,26,30,43,45,12
1530,2006-11-12,2,9,23,30,39,40,4
1531,2006-11-15,1,2,18,19,22,43,31
1532,2006-11-19,22,24,26,31,32,44,16
1533,2006-11-22,7,10,30,31,33,40,14
1534,2006-11-26,1,16,23,24,33,39,28
1535,2006-11-29,9,27,32,33,36,40,37
1536,2006-12-03,6,10,14,16,21,36,17
1537,2006-12-06,5,8,12,15,18,39,20
1538,2006-12-10,8,16,17,18,25,35,11
1539,2006-12-13,3,5,14,22,44,45,40
1540,2006-12-17,7,8,25,27,29,42,36
1541,2006-12-20,11,18,23,28,37,39,44
1542,2006-12-24,4,8,21,29,37,44,9
1543,2006-12-27,3,10,12,22,36,43,39
1544,2006-12-31,9,20,27,34,41,44,11
1545,2007-01-03,7,14,15,21,24,32,34
1546,2007-01-07,2,23,26,31,41,42,30
1547,2007-01-10,5,16,23,26,34,37,18
1548,2007-01-14,3,15,34,37,43,44,5
1549,2007-01-17,3,5,11,13,20,43,10
1550,2007-01-21,3,5,8,36,43,44,12
1551,2007-01-24,9,27,29,39,43,45,1
1552,2007-01-28,10,22,24,26,37,45,15
1553,2007-01-31,3,17,24,36,38,41,45
1554,2007-02-04,23,34,38,41,42,45,30
1555,2007-02-07,6,10,23,25,29,43,31
1556,2007-02-11,1,3,23,37,41,45,32
1557,2007-02-14,8,16,18,36,37,44,4
1558,2007-02-18,9,14,17,25,29,44,19
1559,2007-02-21,6,19,23,27,37,40,21
1560,2007-02-25,1,2,18,20,32,38,4
1561,2007-02-28,3,16,19,31,40,44,14
1562,2007-03-04,1,7,28,32,38,42,18
1563,2007-03-07,4,25,30,40,42,45,14
1564,2007-03-11,9,13,21,27,33,43,26
1565,2007-03-14,5,10,17,26,29,40,34
1566,2007-03-18,5,19,25,29,30,43,16
1567,2007-03-21,4,11,18,23,36,42,40
1568,2007-03-25,8,14,15,17,35,43,39
1569,2007-03-28,9,12,21,28,32,35,37
1570,2007-04-01,2,12,20,26,42,45,31
1571,2007-04-04,2,9,10,16,21,35,41
1572,2007-04-08,4,6,12,24,33,35,23
1573,2007-04-11,24,25,34,35,42,43,36
1574,2007-04-15,10,12,25,30,33,40,31
1575,2007-04-18,19,36,38,41,42,43,37
1576,2007-04-25,17,20,30,38,40,43,13
1577,2007-04-29,3,8,9,12,13,21,10
1578,2007-05-02,3,7,15,20,38,44,32
1579,2007-05-06,3,11,15,19,29,32,12
1580,2007-05-09,1,9,12,16,18,27,15
1581,2007-05-13,8,14,15,17,21,33,37
1582,2007-05-16,1,5,9,10,32,39,19
1583,2007-05-20,4,21,29,31,37,44,17
1584,2007-05-23,8,27,35,39,40,43,21
1585,2007-05-27,6,9,14,27,39,41,35
1586,2007-05-30,5,10,17,22,30,39,26
1587,2007-06-03,9,18,21,22,29,39,20
1588,2007-06-06,6,17,21,33,36,39,22
1589,2007-06-10,3,9,16,22,30,34,35
1590,2007-06-13,6,17,18,21,29,33,9
1591,2007-06-17,8,15,17,23,27,38,36
1592,2007-06-20,1,7,17,19,26,36,28
1593,2007-06-24,7,10,15,29,40,44,5
1594,2007-06-27,2,8,9,12,14,35,4
1595,2007-07-01,9,16,17,35,38,39,32
1596,2007-07-04,5,6,13,17,22,40,42
1597,2007-07-08,13,20,26,30,38,39,24
1598,2007-07-11,12,13,27,32,33,39,19
1599,2007-07-15,7,11,13,19,26,40,32
1600,2007-07-18,4,16,35,36,39,45,42
1601,2007-07-22,3,13,24,36,41,45,7
1602,2007-07-25,1,22,33,34,37,44,18
1603,2007-07-29,3,14,18,20,37,45,6
1604,2007-08-01,11,18,25,29,41,42,39
1605,2007-08-05,3,5,7,37,44,45,1
1606,2007-08-08,3,16,17,26,29,35,4
1607,2007-08-12,9,10,17,31,34,41,22
1608,2007-08-15,13,16,21,22,25,39,2
1609,2007-08-19,6,8,21,39,40,45,17
1610,2007-08-22,3,19,24,28,35,36,23
1611,2007-08-26,4,5,26,31,35,36,23
1612,2007-08-29,4,14,16,21,23,42,11
1613,2007-09-02,9,11,14,27,39,40,7
1614,2007-09-05,12,16,22,27,32,37,34
1615,2007-09-09,1,9,23,31,42,45,20
1616,2007-09-12,2,4,12,19,36,42,23
1617,2007-09-16,2,6,22,27,36,42,7
1618,2007-09-19,4,6,15,27,38,43,10
1619,2007-09-23,5,7,14,17,25,32,39
1620,2007-09-26,17,22,24,25,33,38,30
1621,2007-09-30,8,31,37,39,41,44,23
1622,2007-10-03,3,9,15,16,20,31,37
1623,2007-10-07,13,23,24,39,40,43,41
1624,2007-10-10,4,9,11,19,32,38,15
1625,2007-10-14,4,11,18,26,30,45,16
1626,2007-10-17,2,16,26,30,42,44,29
1627,2007-10-21,1,4,5,13,38,42,43
1628,2007-10-24,8,11,12,29,30,45,13
1629,2007-10-28,5,9,13,21,37,39,12
1630,2007-10-31,21,26,28,36,39,40,16
1631,2007-11-04,1,12,21,29,32,41,3
1632,2007-11-07,9,13,16,18,20,40,25
1633,2007-11-11,4,11,35,39,41,44,43
1634,2007-11-14,5,17,20,23,27,45,9
1635,2007-11-18,2,13,23,28,29,41,3
1636,2007-11-21,13,18,20,25,35,36,39
1637,2007-11-25,5,11,28,39,43,45,32
1638,2007-11-28,8,9,10,26,36,41,3
1639,2007-12-02,10,15,20,24,36,38,31
1640,2007-12-05,1,5,16,28,39,40,31
1641,2007-12-09,6,12,13,19,32,43,41
1642,2007-12-12,3,12,23,24,37,45,13
1643,2007-12-16,1,4,7,12,25,43,45
1644,2007-12-19,5,17,18,31,32,42,38
1645,2007-12-23,5,16,30,34,36,44,28
1646,2007-12-26,6,7,12,16,30,34,45
1647,2007-12-30,2,16,22,29,34,37,7
1648,2008-01-02,6,14,26,34,40,41,32
1649,2008-01-06,1,10,16,29,37,42,27
1650,2008-01-09,5,10,13,24,32,35,33
1651,2008-01-13,5,19,24,40,43,45,39
1652,2008-01-16,20,21,32,34,42,45,1
1653,2008-01-20,6,15,18,23,36,44,3
1654,2008-01-23,2,4,5,11,29,45,36
1655,2008-01-27,18,20,24,26,27,43,35
1656,2008-01-30,18,22,24,26,31,42,40
1657,2008-02-03,16,31,33,38,40,45,18
1658,2008-02-06,2,3,13,14,16,41,29
1659,2008-02-10,3,19,24,26,40,43,25
1660,2008-02-13,7,16,29,31,38,39,19
1661,2008-02-17,1,13,19,34,39,40,41
1662,2008-02-20,5,8,24,36,42,44,18
1663,2008-02-24,5,14,18,28,36,38,42
1664,2008-02-27,1,12,24,28,29,44,33
1665,2008-03-02,1,3,15,34,38,39,42
1666,2008-03-05,5,18,20,25,28,42,44
1667,2008-03-09,6,7,17,20,29,45,18
1668,2008-03-12,8,18,20,27,40,41,10
1669,2008-03-16,2,5,13,31,35,37,34
1670,2008-03-19,3,8,16,25,35,38,22
1671,2008-03-23,1,3,18,20,41,42,32
1672,2008-03-26,4,7,9,23,27,28,14
1673,2008-03-30,6,7,29,32,35,36,42
1674,2008-04-02,2,3,15,19,31,33,41
1675,2008-04-06,7,10,11,14,16,17,20
1676,2008-04-09,11,14,15,22,30,45,18
1677,2008-04-13,4,13,15,18,23,43,10
1678,2008-04-16,9,22,36,40,41,43,37
1679,2008-04-20,10,15,17,22,26,31,30
1680,2008-04-23,3,5,15,32,36,38,20
1681,2008-04-27,16,20,25,31,34,45,8
1682,2008-04-30,3,13,14,16,27,42,10
1683,2008-05-04,9,20,23,30,31,34,26
1684,2008-05-07,14,17,21,22,27,37,43
1685,2008-05-11,4,7,9,15,25,37,41
1686,2008-05-14,17,21,23,37,38,40,41
1687,2008-05-18,6,9,14,28,42,44,17
1688,2008-05-21,6,8,15,19,27,43,45
1689,2008-05-25,8,10,19,34,37,40,4
1690,2008-05-28,14,30,32,39,40,42,21
1691,2008-06-01,10,12,19,31,38,45,26
1692,2008-06-04,1,11,16,19,29,45,33
1693,2008-06-08,2,3,13,15,35,38,43
1694,2008-06-11,3,20,32,33,39,43,15
1695,2008-06-15,8,22,26,27,30,39,45
1696,2008-06-18,2,25,26,27,29,41,31
1697,2008-06-22,1,13,36,39,42,45,30
1698,2008-06-25,10,18,19,25,27,32,17
1699,2008-06-29,6,10,25,41,42,43,2
1700,2008-07-02,2,14,25,37,41,43,44
1701,2008-07-06,6,16,18,22,35,38,33
1702,2008-07-09,11,19,21,22,36,42,37
1703,2008-07-13,4,7,11,19,28,33,31
1704,2008-07-16,11,16,20,30,34,38,9
1705,2008-07-20,9,17,18,22,38,39,42
1706,2008-07-23,3,11,17,35,43,45,9
1707,2008-07-27,6,9,12,18,32,42,11
1708,2008-07-30,6,15,24,25,28,32,40
1709,2008-08-03,4,10,28,37,42,45,26
1710,2008-08-06,12,18,24,28,35,38,40
1711,2008-08-10,4,10,22,27,32,38,15
1712,2008-08-13,11,12,17,29,33,41,14
1713,2008-08-17,3,22,26,35,37,38,14
1714,2008-08-20,1,7,14,43,44,45,16
1715,2008-08-24,1,3,9,17,21,27,8
1716,2008-08-27,6,9,18,19,30,45,4
1717,2008-08-31,5,7,10,20,25,28,13
1718,2008-09-03,7,12,16,34,35,44,41
1719,2008-09-07,3,5,6,24,33,36,45
1720,2008-09-10,4,8,14,22,27,42,24
1721,2008-09-14,16,17,38,40,44,45,23
1722,2008-09-17,2,12,21,24,32,36,34
1723,2008-09-21,1,5,14,15,36,43,24
1724,2008-09-24,2,10,24,36,40,44,45
1725,2008-09-28,3,6,13,14,27,39,4
1726,2008-10-01,2,19,25,26,33,40,22
1727,2008-10-05,9,10,20,34,38,40,17
1728,2008-10-08,15,16,24,26,28,41,39
1729,2008-10-12,9,10,19,20,24,44,7
1730,2008-10-15,5,13,15,24,41,45,40
1731,2008-10-19,3,8,14,25,32,35,12
1732,2008-10-22,4,23,29,30,33,36,15
1733,2008-10-26,7,10,21,36,37,45,32
1734,2008-10-29,3,5,18,34,37,39,7
1735,2008-11-02,1,14,19,30,34,43,39
1736,2008-11-05,17,25,26,29,37,44,14
1737,2008-11-09,12,21,26,27,28,32,43
1738,2008-11-12,1,4,19,29,41,42,18
1739,2008-11-16,5,12,22,23,31,38,26
1740,2008-11-19,4,28,32,34,42,44,12
1741,2008-11-23,17,22,26,28,30,34,25
1742,2008-11-26,10,14,19,39,42,44,5
1743,2008-11-30,13,19,30,33,42,44,21
1744,2008-12-03,2,14,27,30,43,45,7
1745,2008-12-07,10,22,23,29,36,44,15
1746,2008-12-10,13,28,31,32,38,44,25
1747,2008-12-14,10,11,19,33,34,42,45
1748,2008-12-17,11,18,19,25,34,45,21
1749,2008-12-21,17,18,21,36,39,42,13
1750,2008-12-24,19,28,32,39,41,43,38
1751,2008-12-28,4,14,16,24,27,43,41
1752,2008-12-31,16,18,19,20,28,29,4
1753,2009-01-04,1,8,16,22,36,38,28
1754,2009-01-07,3,25,30,37,41,44,20
1755,2009-01-11,10,17,22,26,29,38,25
1756,2009-01-14,16,19,21,27,32,36,24
1757,2009-01-18,3,5,12,36,37,38,44
1758,2009-01-21,9,17,33,36,40,41,6
1759,2009-01-25,7,13,14,34,38,39,3
1760,2009-01-28,8,11,23,36,37,43,7
1761,2009-02-01,8,12,14,23,28,34,13
1762,2009-02-04,16,17,22,25,41,42,6
1763,2009-02-08,3,11,15,21,30,38,42
1764,2009-02-11,2,15,16,23,30,33,32
1765,2009-02-15,5,17,25,31,34,36,3
1766,2009-02-18,15,17,26,34,36,37,6
1767,2009-02-22,6,7,8,38,39,44,35
1768,2009-02-25,1,4,16,19,20,35,8
1769,2009-03-01,9,27,28,29,35,39,43
1770,2009-03-04,8,9,11,20,31,35,5
1771,2009-03-08,2,4,12,17,34,45,30
1772,2009-03-11,5,6,14,17,19,28,20
1773,2009-03-15,2,10,11,26,33,39,3
1774,2009-03-18,9,20,24,29,31,44,17
1775,2009-03-22,7,22,26,33,38,42,20
1776,2009-03-25,2,11,13,30,38,44,45
1777,2009-03-29,3,13,18,25,35,40,26
1778,2009-04-01,5,11,17,18,33,42,6
1779,2009-04-05,16,17,36,37,40,45,26
1780,2009-04-08,2,4,8,11,14,18,15
1781,2009-04-12,8,15,18,21,33,36,28
1782,2009-04-15,14,16,18,24,32,41,40
1783,2009-04-19,11,14,21,27,29,34,22
1784,2009-04-22,1,4,12,30,33,38,3
1785,2009-04-26,9,11,25,31,40,42,3
1786,2009-04-29,3,16,26,31,41,45,42
1787,2009-05-03,1,9,13,15,28,41,35
1788,2009-05-06,2,14,20,24,28,32,35
1789,2009-05-10,14,18,25,30,31,43,34
1790,2009-05-13,1,2,21,27,35,38,34
1791,2009-05-17,22,29,32,34,44,45,9
1792,2009-05-20,9,13,29,33,41,44,11
1793,2009-05-24,12,15,20,25,28,36,29
1794,2009-05-27,10,27,30,34,37,44,9
1795,2009-05-31,8,27,33,38,42,44,10
1796,2009-06-03,6,10,13,20,31,41,30
1797,2009-06-07,1,2,4,8,12,22,15
1798,2009-06-10,1,15,16,18,30,44,42
1799,2009-06-14,10,19,25,34,37,39,18
1800,2009-06-17,9,14,19,21,26,27,5
1801,2009-06-21,3,24,28,32,39,45,20
1802,2009-06-24,5,12,21,23,26,32,42
1803,2009-06-28,14,22,24,37,38,39,17
1804,2009-07-01,3,4,14,17,36,41,7
1805,2009-07-05,4,7,8,33,40,43,3
1806,2009-07-08,3,5,21,22,28,39,41
1807,2009-07-12,7,13,21,26,39,43,24
1808,2009-07-15,16,22,24,27,32,40,4
1809,2009-07-19,12,24,29,39,42,44,40
1810,2009-07-22,19,23,30,36,41,45,24
1811,2009-07-26,1,20,23,34,42,45,31
1812,2009-07-29,1,12,17,23,27,32,31
1813,2009-08-02,7,8,13,25,27,45,40
1814,2009-08-05,7,12,24,28,35,39,40
1815,2009-08-09,12,16,18,22,26,43,14
1816,2009-08-12,10,12,17,22,42,44,38
1817,2009-08-16,13,27,29,30,31,41,39
1818,2009-08-19,1,4,20,25,40,42,21
1819,2009-08-23,6,20,26,35,36,40,18
1820,2009-08-26,2,3,13,22,23,29,33
1821,2009-08-30,3,6,13,15,16,30,10
1822,2009-09-02,12,24,26,38,41,44,1
1823,2009-09-06,14,25,37,40,42,43,24
1824,2009-09-09,14,16,27,36,39,44,19
1825,2009-09-13,5,30,36,41,42,45,28
1826,2009-09-16,15,19,25,27,31,39,36
1827,2009-09-20,6,8,29,32,36,39,28
1828,2009-09-23,23,25,32,36,40,42,4
1829,2009-09-27,6,22,35,37,38,41,25
1830,2009-09-30,2,12,18,34,35,37,13
1831,2009-10-04,3,5,14,30,34,37,17
1832,2009-10-07,1,17,22,27,31,34,44
1833,2009-10-11,3,4,11,16,25,38,44
1834,2009-10-14,2,21,27,37,40,41,9
1835,2009-10-18,6,10,16,27,34,40,5
1836,2009-10-21,1,6,8,20,22,45,3
1837,2009-10-25,2,4,13,20,22,42,23
1838,2009-10-28,3,21,24,29,39,40,4
1839,2009-11-01,6,8,14,20,36,38,28
1840,2009-11-04,5,11,26,29,41,45,19
1841,2009-11-08,3,5,17,22,42,44,7
1842,2009-11-11,3,15,31,32,36,37,33
1843,2009-11-15,7,23,26,29,38,41,45
1844,2009-11-18,5,14,16,35,39,43,4
1845,2009-11-22,1,2,20,21,36,38,19
1846,2009-11-25,12,14,18,23,25,43,30
1847,2009-11-29,2,4,12,22,26,39,41
1848,2009-12-02,1,5,20,30,35,42,37
1849,2009-12-06,9,14,20,34,36,41,39
1850,2009-12-09,11,19,20,41,42,44,38
1851,2009-12-13,1,3,18,19,34,38,12
1852,2009-12-16,9,18,32,40,42,45,34
1853,2009-12-20,8,17,23,29,37,42,38
1854,2009-12-23,6,21,22,25,29,39,18
1855,2009-12-27,1,12,15,29,30,43,7
1856,2009-12-30,8,20,22,28,35,41,27
1857,2010-01-03,5,14,34,35,39,42,22
1858,2010-01-06,18,19,26,28,34,40,12
1859,2010-01-10,4,9,18,24,37,41,1
1860,2010-01-13,2,28,29,30,41,42,4
1861,2010-01-17,3,4,12,25,32,39,19
1862,2010-01-20,4,8,9,12,21,31,17
1863,2010-01-24,5,10,11,19,38,44,28
1864,2010-01-27,1,7,23,25,27,42,8
1865,2010-01-31,3,20,40,41,44,45,12
1866,2010-02-03,5,11,17,34,35,39,38
1867,2010-02-07,18,22,25,28,42,45,8
1868,2010-02-10,3,15,16,22,39,40,9
1869,2010-02-14,9,10,13,18,26,41,40
1870,2010-02-17,11,15,18,30,36,45,37
1871,2010-02-21,6,17,28,34,36,44,29
1872,2010-02-24,7,8,11,31,33,39,38
1873,2010-02-28,4,11,18,19,24,29,42
1874,2010-03-03,8,13,31,34,38,42,3
1875,2010-03-07,6,10,14,20,29,32,18
1876,2010-03-10,1,2,7,20,23,29,25
1877,2010-03-14,2,4,12,14,17,26,43
1878,2010-03-17,9,23,31,33,37,45,5
1879,2010-03-21,2,5,7,11,26,34,44
1880,2010-03-24,11,19,24,30,38,45,35
1881,2010-03-28,10,13,17,25,32,39,33
1882,2010-03-31,13,16,24,35,38,43,29
1883,2010-04-04,15,28,29,31,34,41,39
1884,2010-04-07,3,5,16,36,37,42,38
1885,2010-04-11,2,12,30,31,39,44,11
1886,2010-04-14,9,11,12,14,15,43,19
1887,2010-04-18,5,6,9,28,33,38,8
1888,2010-04-21,1,3,6,18,21,22,42
1889,2010-04-25,12,14,15,18,25,28,4
1890,2010-04-28,5,10,25,32,37,45,15
1891,2010-05-02,7,14,17,19,23,42,6
1892,2010-05-05,6,11,21,34,35,44,17
1893,2010-05-09,9,35,24,40,13,7,31
1894,2010-05-12,6,14,16,20,26,39,19
1895,2010-05-16,12,24,25,27,30,31,6
1896,2010-05-19,10,20,31,39,41,43,11
1897,2010-05-23,10,15,17,24,37,38,30
1898,2010-05-26,7,16,22,31,34,45,32
1899,2010-05-30,2,7,20,22,23,28,10
1900,2010-06-02,4,10,17,25,35,42,6
1901,2010-06-06,4,7,17,29,32,37,15
1902,2010-06-09,3,12,19,20,36,40,2
1903,2010-06-13,1,6,14,18,28,31,3
1904,2010-06-16,3,23,29,33,34,39,26
1905,2010-06-20,11,17,35,39,40,42,27
1906,2010-06-23,1,13,21,28,37,43,20
1907,2010-06-27,1,3,12,35,40,43,21
1908,2010-06-30,5,10,26,36,40,41,9
1909,2010-07-04,5,8,18,19,20,32,31
1910,2010-07-07,6,10,12,16,41,45,8
1911,2010-07-11,6,15,32,36,43,44,22
1912,2010-07-14,1,11,19,27,30,35,18
1913,2010-07-18,13,18,23,29,37,40,43
1914,2010-07-21,4,6,31,37,44,45,2
1915,2010-07-25,1,15,20,23,43,45,44
1916,2010-07-28,4,28,30,35,43,44,9
1917,2010-08-01,10,18,22,31,33,38,32
1918,2010-08-04,3,18,26,33,34,41,32
1919,2010-08-08,1,6,7,9,19,30,28
1920,2010-08-11,4,10,14,23,27,39,30
1921,2010-08-15,2,9,12,20,26,27,17
1922,2010-08-18,10,20,21,33,37,38,12
1923,2010-08-22,5,21,22,38,39,44,26
1924,2010-08-25,11,19,21,22,31,35,4
1925,2010-08-29,2,15,20,22,27,44,40
1926,2010-09-01,17,23,30,31,33,43,19
1927,2010-09-05,8,10,23,28,29,45,12
1928,2010-09-08,4,30,31,32,34,38,33
1929,2010-09-12,1,9,19,34,39,43,8
1930,2010-09-15,5,6,26,34,35,42,22
1931,2010-09-19,6,17,20,26,34,36,16
1932,2010-09-22,2,9,10,14,29,40,11
1933,2010-09-26,2,12,15,33,34,45,42
1934,2010-09-29,9,17,26,33,35,36,28
1935,2010-10-03,1,17,24,25,26,31,36
1936,2010-10-06,23,27,36,39,40,43,10
1937,2010-10-10,7,9,18,21,24,44,15
1938,2010-10-13,2,3,13,30,35,40,20
1939,2010-10-17,23,25,28,30,40,44,11
1940,2010-10-20,2,10,12,22,25,34,42
1941,2010-10-24,5,25,31,36,41,43,45
1942,2010-10-27,1,15,24,33,34,44,43
1943,2010-10-31,3,4,13,16,19,43,6
1944,2010-11-03,13,16,18,29,39,45,20
1945,2010-11-07,4,12,22,24,37,42,44
1946,2010-11-10,4,11,18,30,42,43,31
1947,2010-11-14,6,25,33,38,44,45,4
1948,2010-11-17,6,12,13,21,22,40,26
1949,2010-11-21,1,13,24,30,36,38,19
1950,2010-11-24,10,13,31,39,44,45,29
1951,2010-11-28,3,23,25,26,28,44,38
1952,2010-12-01,12,15,16,22,29,36,24
1953,2010-12-05,3,7,10,29,32,42,43
1954,2010-12-08,1,3,9,39,42,43,22
1955,2010-12-12,7,10,32,33,39,43,5
1956,2010-12-15,3,9,26,36,38,44,33
1957,2010-12-19,16,20,26,34,37,43,24
1958,2010-12-22,3,7,11,28,35,36,6
1959,2010-12-26,2,11,12,13,24,26,1
1960,2010-12-29,5,6,22,32,42,43,25
1961,2011-01-02,10,12,21,24,36,42,40
1962,2011-01-05,8,18,25,30,43,45,1
1963,2011-01-09,2,4,12,14,24,40,21
1964,2011-01-12,3,6,10,12,19,38,15
1965,2011-01-16,1,2,10,11,15,16,25
1966,2011-01-19,3,19,23,35,43,44,24
1967,2011-01-23,2,13,33,37,41,45,12
1968,2011-01-26,8,10,19,22,34,44,21
1969,2011-01-30,2,10,15,19,37,41,13
1970,2011-02-02,3,16,19,22,23,28,24
1971,2011-02-06,1,2,10,26,27,34,16
1972,2011-02-09,2,4,9,11,17,24,16
1973,2011-02-13,6,17,34,39,40,43,29
1974,2011-02-16,1,18,21,24,27,45,10
1975,2011-02-20,3,8,20,37,38,44,45
1976,2011-02-23,3,13,17,20,28,29,15
1977,2011-02-27,21,22,25,28,41,45,31
1978,2011-03-02,3,11,17,25,28,42,32
1979,2011-03-06,4,16,19,32,36,37,3
1980,2011-03-09,12,17,20,22,27,44,10
1981,2011-03-13,9,14,20,25,37,42,8
1982,2011-03-16,6,18,19,20,24,26,37
1983,2011-03-20,7,8,22,24,29,41,30
1984,2011-03-23,1,2,9,24,35,37,12
1985,2011-03-27,17,20,22,25,32,39,43
1986,2011-03-30,15,19,23,29,34,39,16
1987,2011-04-03,13,15,27,35,36,38,11
1988,2011-04-06,10,16,33,38,40,41,35
1989,2011-04-10,2,5,13,15,19,26,43
1990,2011-04-13,7,9,18,22,31,44,24
1991,2011-04-17,4,16,21,22,29,42,32
1992,2011-04-20,8,13,14,25,34,39,44
1993,2011-04-24,2,5,14,20,33,43,30
1994,2011-04-27,2,8,9,16,32,44,14
1995,2011-05-01,15,24,25,32,38,41,28
1996,2011-05-04,4,10,21,37,40,43,20
1997,2011-05-08,3,5,6,33,36,44,22
1998,2011-05-11,4,6,24,26,28,42,25
1999,2011-05-15,2,18,21,22,29,40,37
2000,2011-05-18,5,9,24,25,31,45,18
2001,2011-05-22,2,17,24,33,38,43,28
2002,2011-05-25,2,11,16,18,28,43,37
2003,2011-05-29,1,14,26,28,30,35,6
2004,2011-06-01,4,6,8,11,38,43,40
2005,2011-06-05,8,15,16,18,21,29,11
2006,2011-06-08,6,15,21,34,38,42,9
2007,2011-06-12,6,13,14,24,27,44,3
2008,2011-06-15,9,11,15,17,30,43,1
2009,2011-06-19,8,16,19,26,35,40,37
2010,2011-06-22,14,17,27,32,34,41,7
2011,2011-06-26,7,10,16,17,39,43,11
2012,2011-06-29,2,3,14,25,38,41,1
2013,2011-07-03,10,22,25,31,36,39,26
2014,2011-07-06,5,6,17,22,24,35,45
2015,2011-07-10,4,25,29,33,34,44,40
2016,2011-07-13,8,17,24,34,37,38,15
2017,2011-07-17,4,9,11,17,31,33,6
2018,2011-07-20,25,32,37,41,42,45,35
2019,2011-07-24,4,12,14,22,32,44,15
2020,2011-07-27,2,6,9,20,24,33,19
2021,2011-07-31,1,7,17,31,37,45,34
2022,2011-08-03,3,24,27,31,36,43,21
2023,2011-08-07,2,8,9,14,32,42,40
2024,2011-08-10,5,21,24,31,35,40,6
2025,2011-08-14,2,3,23,31,32,36,39
2026,2011-08-17,7,10,11,21,26,35,5
2027,2011-08-21,1,5,11,16,38,44,34
2028,2011-08-24,13,19,25,26,39,45,44
2029,2011-08-28,6,11,14,20,30,42,32
2030,2011-08-31,2,16,23,28,33,44,15
2031,2011-09-04,5,18,23,32,35,40,44
2032,2011-09-07,1,7,10,26,33,42,6
2033,2011-09-11,13,16,18,33,36,38,35
2034,2011-09-14,5,19,28,36,37,38,3
2035,2011-09-18,10,11,22,27,36,39,24
2036,2011-09-21,1,18,19,29,33,41,35
2037,2011-09-25,14,20,21,30,31,37,28
2038,2011-09-28,3,15,21,39,40,43,1
2039,2011-10-02,3,8,13,18,22,27,41
2040,2011-10-05,6,9,13,36,40,42,12
2041,2011-10-09,7,10,26,31,38,42,5
2042,2011-10-12,4,20,23,29,31,40,9
2043,2011-10-16,1,6,15,29,33,35,36
2044,2011-10-19,16,29,31,36,40,44,38
2045,2011-10-23,2,18,27,28,37,38,20
2046,2011-10-26,4,11,26,35,36,42,13
2047,2011-10-30,4,13,14,25,29,38,45
2048,2011-11-02,4,23,31,32,36,45,28
2049,2011-11-06,7,19,24,31,37,44,33
2050,2011-11-09,8,9,10,27,34,39,17
2051,2011-11-13,9,10,15,16,32,34,24
2052,2011-11-16,17,29,34,35,36,45,12
2053,2011-11-20,1,7,8,25,37,39,36
2054,2011-11-23,10,18,25,38,39,41,24
2055,2011-11-27,2,4,9,13,15,28,6
2056,2011-11-30,6,27,37,38,41,44,36
2057,2011-12-04,3,9,12,17,21,44,31
2058,2011-12-07,7,19,32,34,35,36,27
2059,2011-12-11,3,6,12,18,22,27,25
2060,2011-12-14,6,21,30,37,38,45,41
2061,2011-12-18,19,24,35,40,42,45,23
2062,2011-12-21,6,11,23,28,33,36,25
2063,2011-12-25,5,8,24,34,35,36,7
2064,2011-12-28,15,19,34,37,41,44,26
2065,2012-01-01,10,14,21,24,38,44,23
2066,2012-01-04,11,13,17,21,22,33,36
2067,2012-01-08,19,21,27,37,39,42,36
2068,2012-01-11,4,7,9,10,23,30,16
2069,2012-01-15,4,19,28,35,38,45,36
2070,2012-01-18,16,18,25,28,39,42,7
2071,2012-01-22,7,9,10,11,17,25,45
2072,2012-01-25,2,3,6,31,40,42,22
2073,2012-01-29,26,27,30,32,38,40,22
2074,2012-02-01,5,16,17,21,23,28,7
2075,2012-02-05,20,25,28,29,39,42,18
2076,2012-02-08,6,9,19,21,22,24,16
2077,2012-02-12,1,5,6,12,41,44,22
2078,2012-02-15,2,5,7,12,13,23,32
2079,2012-02-19,5,14,15,32,38,43,37
2080,2012-02-22,2,3,6,31,41,44,34
2081,2012-02-26,1,15,17,20,25,42,24
2082,2012-02-29,5,17,27,37,41,43,16
2083,2012-03-04,4,5,13,19,31,37,45
2084,2012-03-07,8,16,21,23,32,43,36
2085,2012-03-11,2,16,17,33,35,45,1
2086,2012-03-14,9,10,14,18,24,26,6
2087,2012-03-18,4,13,21,24,32,45,10
2088,2012-03-21,5,8,14,24,39,44,42
2089,2012-03-25,6,8,10,32,44,45,29
2090,2012-03-28,9,19,20,21,23,44,25
2091,2012-04-01,11,12,24,26,37,43,39
2092,2012-04-04,6,19,30,31,36,41,1
2093,2012-04-08,6,14,16,42,43,44,2
2094,2012-04-11,1,20,24,26,30,35,34
2095,2012-04-15,2,5,20,24,27,34,42
2096,2012-04-18,7,10,12,23,39,40,32
2097,2012-04-22,26,27,32,34,37,43,25
2098,2012-04-25,1,30,39,41,43,45,3
2099,2012-04-29,2,3,5,16,21,41,17
2100,2012-05-02,4,9,13,15,22,44,19
2101,2012-05-06,10,23,25,26,27,40,35
2102,2012-05-09,2,10,15,27,28,34,5
2103,2012-05-13,31,32,35,36,38,43,41
2104,2012-05-16,1,9,10,22,25,32,36
2105,2012-05-20,3,6,15,29,30,38,27
2106,2012-05-23,1,13,18,29,30,33,10
2107,2012-05-27,13,19,22,30,42,45,23
2108,2012-05-30,13,17,20,23,32,34,14
2109,2012-06-03,2,10,13,21,31,34,32
2110,2012-06-06,8,9,16,24,27,34,21
2111,2012-06-10,2,7,17,21,26,41,11
2112,2012-06-13,2,8,15,17,32,45,13
2113,2012-06-17,8,9,12,23,35,37,14
2114,2012-06-20,3,4,5,13,15,34,44
2115,2012-06-24,6,9,18,19,22,28,38
2116,2012-06-27,9,17,18,21,35,42,19
2117,2012-07-01,13,20,22,28,36,37,8
2118,2012-07-04,6,12,16,17,19,29,36
2119,2012-07-08,3,5,19,34,41,42,11
2120,2012-07-11,9,15,17,20,24,35,7
2121,2012-07-15,6,10,21,28,30,31,23
2122,2012-07-18,11,29,31,34,39,41,16
2123,2012-07-22,6,11,15,17,22,24,37
2124,2012-07-25,4,14,16,18,29,42,44
2125,2012-07-29,7,15,18,24,37,43,6
2126,2012-08-01,1,7,9,32,34,43,29
2127,2012-08-05,1,5,19,21,38,39,15
2128,2012-08-08,2,5,17,19,37,45,36
2129,2012-08-12,12,29,30,35,37,44,36
2130,2012-08-15,3,9,14,33,41,44,6
2131,2012-08-19,4,13,15,30,36,38,26
2132,2012-08-22,1,16,25,30,38,44,31
2133,2012-08-26,8,18,23,24,29,37,6
2134,2012-08-29,13,23,31,37,40,45,2
2135,2012-09-02,7,24,27,40,43,44,13
2136,2012-09-05,9,15,19,27,30,33,37
2137,2012-09-09,1,5,18,24,39,40,45
2138,2012-09-12,4,10,16,17,27,39,25
2139,2012-09-16,19,26,27,30,31,43,6
2140,2012-09-19,9,19,23,26,27,32,31
2141,2012-09-23,8,13,14,17,32,41,21
2142,2012-09-26,6,10,37,40,41,42,44
2143,2012-09-30,14,22,31,36,37,39,6
2144,2012-10-03,28,30,34,38,42,43,45
2145,2012-10-07,8,16,33,35,42,44,29
2146,2012-10-10,14,20,24,28,30,39,9
2147,2012-10-14,8,12,20,22,24,40,41
2148,2012-10-17,7,13,18,25,33,44,41
2149,2012-10-21,2,3,5,10,14,43,32
2150,2012-10-24,2,25,29,31,34,42,35
2151,2012-10-28,1,24,27,28,42,43,3
2152,2012-10-31,5,9,32,33,41,45,14
2153,2012-11-04,2,31,32,35,40,43,10
2154,2012-11-07,13,14,20,23,26,34,39
2155,2012-11-11,2,10,14,20,33,35,11
2156,2012-11-14,6,16,27,30,35,36,12
2157,2012-11-18,5,21,22,29,32,41,9
2158,2012-11-21,10,12,16,20,30,33,43
2159,2012-11-25,5,7,16,21,24,28,2
2160,2012-11-28,4,9,10,18,28,34,26
2161,2012-12-02,8,28,34,35,41,44,6
2162,2012-12-05,5,6,18,19,26,42,28
2163,2012-12-09,8,11,15,20,23,30,5
2164,2012-12-12,17,20,22,23,27,35,4
2165,2012-12-16,6,12,17,24,27,30,44
2166,2012-12-19,5,7,15,17,25,31,24
2167,2012-12-23,7,8,9,17,23,43,25
2168,2012-12-26,8,16,24,27,39,40,29
2169,2012-12-30,3,5,17,21,25,43,35
2170,2013-01-02,11,15,34,36,40,43,5
2171,2013-01-06,7,15,21,28,35,39,34
2172,2013-01-09,11,12,22,28,34,45,3
2173,2013-01-13,11,16,17,18,27,36,20
2174,2013-01-16,20,23,26,27,36,42,10
2175,2013-01-20,4,8,27,34,36,44,40
2176,2013-01-23,4,20,30,32,40,41,44
2177,2013-01-27,11,16,26,35,36,39,2
2178,2013-01-30,1,15,20,32,35,45,43
2179,2013-02-03,4,13,16,19,29,38,35
2180,2013-02-06,7,9,10,11,18,45,12
2181,2013-02-10,9,10,31,42,44,45,6
2182,2013-02-13,1,7,20,34,35,44,42
2183,2013-02-17,4,14,21,38,41,42,43
2184,2013-02-20,4,7,13,31,34,41,20
2185,2013-02-24,12,13,25,27,30,45,42
2186,2013-02-27,7,9,12,27,28,39,25
2187,2013-03-03,11,16,20,31,40,43,6
2188,2013-03-06,3,15,18,22,27,28,25
2189,2013-03-10,16,24,25,26,27,44,12
2190,2013-03-13,11,24,31,38,41,43,21
2191,2013-03-17,2,8,11,13,29,31,24
2192,2013-03-20,1,6,21,23,40,41,3
2193,2013-03-24,14,21,35,39,42,44,12
2194,2013-03-27,2,9,16,22,24,43,23
2195,2013-03-31,5,8,21,23,24,38,3
2196,2013-04-03,4,16,19,21,30,35,39
2197,2013-04-07,2,10,16,37,43,44,20
2198,2013-04-10,10,14,15,16,25,42,17
2199,2013-04-14,3,9,10,11,13,41,37
2200,2013-04-17,6,16,22,25,30,38,40
2201,2013-04-21,3,19,26,40,43,45,30
2202,2013-04-24,25,26,27,28,37,43,33
2203,2013-04-28,11,12,14,27,34,44,6
2204,2013-05-01,3,4,6,11,35,45,32
2205,2013-05-05,1,2,9,19,27,43,5
2206,2013-05-08,1,5,11,15,39,45,19
2207,2013-05-12,12,21,28,29,32,40,30
2208,2013-05-15,6,22,27,36,42,43,7
2209,2013-05-19,17,27,28,30,39,41,45
2210,2013-05-22,1,10,17,20,26,41,19
2211,2013-05-26,8,10,12,38,39,45,2
2212,2013-05-29,7,11,14,32,36,39,13
2213,2013-06-02,7,17,28,33,36,45,43
2214,2013-06-05,1,18,20,26,33,36,12
2215,2013-06-09,1,22,27,33,40,44,12
2216,2013-06-12,2,6,13,23,27,39,26
2217,2013-06-16,1,4,8,28,34,43,22
2218,2013-06-19,10,16,19,25,31,40,36
2219,2013-06-23,1,31,37,40,42,45,36
2220,2013-06-26,1,13,17,30,31,33,18
2221,2013-06-30,16,17,21,28,40,42,2
2222,2013-07-03,2,3,20,22,38,41,14
2223,2013-07-07,12,16,17,19,31,32,36
2224,2013-07-10,11,17,23,38,40,45,41
2225,2013-07-14,1,2,6,16,20,25,42
2226,2013-07-17,20,21,24,43,44,45,41
2227,2013-07-21,9,10,14,16,18,36,4
2228,2013-07-24,7,10,16,32,33,39,13
2229,2013-07-28,12,21,23,29,38,43,28
2230,2013-07-31,4,6,15,34,35,45,19
2231,2013-08-04,5,18,23,29,31,32,41
2232,2013-08-07,10,20,21,23,26,40,19
2233,2013-08-11,4,8,17,21,22,32,15
2234,2013-08-14,5,15,17,24,33,42,44
2235,2013-08-18,4,20,24,25,26,28,44
2236,2013-08-21,14,20,24,43,44,45,2
2237,2013-08-25,2,7,10,14,26,32,25
2238,2013-08-28,7,11,21,25,37,44,35
2239,2013-09-01,15,19,30,31,42,43,27
2240,2013-09-04,5,11,19,23,24,31,34
2241,2013-09-08,2,3,6,14,18,30,44
2242,2013-09-11,8,13,20,28,40,42,4
2243,2013-09-15,1,3,16,24,26,43,17
2244,2013-09-18,15,20,28,36,40,41,45
2245,2013-09-22,7,9,10,17,24,41,8
2246,2013-09-25,3,23,38,40,42,45,29
2247,2013-09-29,5,15,16,18,21,31,33
2248,2013-10-02,5,15,19,23,37,40,13
2249,2013-10-06,7,19,20,23,27,43,30
2250,2013-10-09,3,21,26,31,34,44,39
2251,2013-10-13,10,13,14,31,32,41,40
2252,2013-10-16,8,12,25,34,38,43,16
2253,2013-10-20,5,13,14,22,27,36,38
2254,2013-10-23,2,4,13,28,32,34,35
2255,2013-10-27,5,6,15,16,17,20,27
2256,2013-10-30,7,20,23,33,38,43,26
2257,2013-11-03,4,7,11,17,18,20,1
2258,2013-11-06,1,16,28,30,36,45,12
2259,2013-11-10,2,11,15,35,40,41,36
2260,2013-11-13,4,14,17,23,26,33,38
2261,2013-11-17,3,18,19,24,30,43,26
2262,2013-11-20,7,11,14,18,26,35,21
2263,2013-11-24,6,10,19,22,33,43,40
2264,2013-11-27,3,5,13,26,41,45,35
2265,2013-12-01,5,10,11,12,24,26,19
2266,2013-12-04,5,15,17,19,26,38,45
2267,2013-12-08,1,5,7,15,21,25,3
2268,2013-12-11,4,8,11,37,40,42,24
2269,2013-12-15,3,21,26,30,38,43,1
2270,2013-12-18,1,18,19,39,41,44,5
2271,2013-12-22,11,20,27,34,41,44,35
2272,2013-12-25,5,8,16,17,32,40,30
2273,2013-12-29,6,12,21,31,36,45,2
2274,2014-01-01,6,11,15,24,28,32,9
2275,2014-01-05,11,14,16,21,25,44,12
2276,2014-01-08,23,25,28,29,38,40,8
2277,2014-01-12,8,14,17,22,25,35,7
2278,2014-01-15,1,8,31,35,42,43,32
2279,2014-01-19,13,19,20,30,40,45,18
2280,2014-01-22,12,30,32,34,37,43,8
2281,2014-01-26,4,15,20,23,37,45,39
2282,2014-01-29,6,9,12,22,25,32,39
2283,2014-02-02,3,10,15,16,22,44,37
2284,2014-02-05,8,15,19,24,32,38,11
2285,2014-02-09,1,3,22,24,25,38,7
2286,2014-02-12,18,21,22,39,43,45,28
2287,2014-02-16,3,13,23,35,40,45,2
2288,2014-02-19,2,8,19,24,34,43,45
2289,2014-02-23,11,21,29,34,40,45,6
2290,2014-02-26,3,15,27,34,35,41,33
2291,2014-03-02,1,7,13,16,27,36,44
2292,2014-03-05,4,8,9,11,13,23,6
2293,2014-03-09,7,12,13,14,17,45,33
2294,2014-03-12,2,11,13,14,23,35,29
2295,2014-03-16,13,14,16,35,37,40,36
2296,2014-03-19,5,16,19,21,28,39,11
2297,2014-03-23,11,28,35,39,41,43,36
2298,2014-03-26,5,9,10,14,30,34,23
2299,2014-03-30,11,17,18,19,20,33,45
2300,2014-04-02,13,20,35,39,40,44,3
2301,2014-04-06,15,17,26,37,39,43,36
2302,2014-04-09,6,14,18,25,29,35,15
2303,2014-04-13,4,9,23,25,33,41,14
2304,2014-04-16,5,13,21,28,36,44,39
2305,2014-04-20,8,14,18,24,41,44,43
2306,2014-04-23,3,5,10,13,19,39,33
2307,2014-04-27,7,13,21,26,37,45,33
2308,2014-04-30,4,7,12,29,32,37,33
2309,2014-05-04,2,3,12,17,20,41,1
2310,2014-05-07,3,12,16,27,35,38,19
2311,2014-05-11,4,13,14,21,35,39,11
2312,2014-05-14,16,26,35,39,43,44,38
2313,2014-05-18,6,7,10,18,26,39,34
2314,2014-05-21,11,12,18,24,26,40,38
2315,2014-05-25,3,9,21,27,40,45,4
2316,2014-05-28,4,15,28,29,31,39,5
2317,2014-06-01,4,22,25,30,31,37,44
2318,2014-06-04,5,6,11,26,27,42,22
2319,2014-06-08,8,9,19,26,37,45,39
2320,2014-06-11,2,4,11,34,37,41,31
2321,2014-06-15,15,20,24,30,39,44,4
2322,2014-06-18,10,22,24,29,35,37,28
2323,2014-06-22,6,18,23,26,30,32,5
2324,2014-06-25,2,21,26,34,40,45,27
2325,2014-06-29,4,7,10,12,23,36,44
2326,2014-07-02,8,16,24,25,27,35,5
2327,2014-07-06,2,7,15,36,38,43,1
2328,2014-07-09,5,11,20,29,32,36,6
2329,2014-07-13,1,5,20,35,37,43,8
2330,2014-07-16,1,4,13,17,22,40,16
2331,2014-07-20,11,22,26,38,41,43,8
2332,2014-07-23,3,4,12,24,34,43,18
2333,2014-07-27,3,9,15,22,41,43,32
2334,2014-07-30,7,20,27,30,38,42,16
2335,2014-08-03,7,10,17,38,42,45,16
2336,2014-08-06,3,6,8,18,22,26,41
2337,2014-08-10,1,4,13,19,37,41,33
2338,2014-08-13,7,14,16,18,19,21,41
2339,2014-08-17,1,3,9,14,25,31,18
2340,2014-08-20,6,8,25,39,44,45,33
2341,2014-08-24,2,14,27,36,42,45,38
2342,2014-08-27,6,7,8,15,37,44,39
2343,2014-08-31,8,9,20,24,34,38,43
2344,2014-09-03,21,25,32,33,37,44,41
2345,2014-09-07,1,11,29,36,39,45,21
2346,2014-09-10,2,4,15,29,31,39,30
2347,2014-09-14,12,13,21,32,37,40,30
2348,2014-09-17,2,7,10,17,23,41,40
2349,2014-09-21,8,13,17,24,25,29,23
2350,2014-09-24,9,21,22,23,36,37,42
2351,2014-09-28,7,15,20,22,23,37,13
2352,2014-10-01,10,17,32,36,40,41,21
2353,2014-10-05,8,23,30,32,38,40,19
2354,2014-10-08,10,13,20,26,29,43,38
2355,2014-10-12,1,2,27,38,39,45,34
2356,2014-10-15,4,5,27,29,30,36,9
2357,2014-10-19,7,9,20,25,30,32,21
2358,2014-10-22,10,15,30,32,37,40,2
2359,2014-10-26,3,4,6,12,29,39,34
2360,2014-10-29,2,9,11,23,25,29,15
2361,2014-11-02,17,29,30,38,43,45,21
2362,2014-11-05,13,17,19,28,30,44,6
2363,2014-11-09,4,5,13,17,27,40,32
2364,2014-11-12,3,10,18,29,37,39,22
2365,2014-11-16,16,23,36,39,40,43,22
2366,2014-11-19,6,12,21,38,42,45,31
2367,2014-11-23,7,14,19,26,28,43,4
2368,2014-11-26,7,31,32,39,41,44,17
2369,2014-11-30,1,8,28,33,34,42,40
2370,2014-12-03,10,23,30,37,41,42,32
2371,2014-12-07,1,2,4,6,24,25,45
2372,2014-12-10,4,5,13,32,40,41,28
2373,2014-12-14,3,13,32,35,40,44,4
2374,2014-12-17,15,19,23,24,26,45,9
2375,2014-12-21,4,11,17,35,38,45,23
2376,2014-12-24,3,4,5,12,29,42,1
2377,2014-12-28,1,3,8,21,24,31,27
2378,2014-12-31,4,7,16,20,22,44,11
2379,2015-01-04,5,18,31,34,42,45,9
2380,2015-01-07,1,17,22,28,37,42,16
2381,2015-01-11,2,8,13,16,25,39,38
2382,2015-01-14,9,13,24,28,33,40,18
2383,2015-01-18,10,13,26,28,36,44,33
2384,2015-01-21,6,10,11,12,17,21,23
2385,2015-01-25,14,31,34,36,41,42,21
2386,2015-01-28,8,10,12,21,26,36,43
2387,2015-02-01,3,5,23,28,30,45,35
2388,2015-02-04,10,17,19,27,28,30,42
2389,2015-02-08,2,15,19,23,31,42,24
2390,2015-02-11,8,12,18,19,35,37,32
2391,2015-02-15,5,9,14,26,36,38,19
2392,2015-02-18,9,12,14,20,25,27,34
2393,2015-02-22,2,13,16,17,20,22,3
2394,2015-02-25,2,5,12,18,22,44,6
2395,2015-03-01,4,5,8,18,26,42,28
2396,2015-03-04,4,20,22,28,32,38,43
2397,2015-03-08,6,13,16,31,43,44,45
2398,2015-03-11,3,5,6,14,17,39,32
2399,2015-03-15,2,7,10,33,35,38,9
2400,2015-03-18,7,10,18,21,32,45,35
2401,2015-03-22,3,4,11,27,28,45,21
2402,2015-03-25,2,14,17,30,33,41,13
2403,2015-03-29,4,14,18,20,28,33,2
2404,2015-04-01,12,24,26,29,31,33,39
2405,2015-04-05,7,10,16,21,23,28,18
2406,2015-04-08,1,2,4,5,13,22,30
2407,2015-04-12,17,26,29,30,43,44,6
2408,2015-04-15,4,5,13,26,38,43,24
2409,2015-04-19,3,6,7,9,20,37,30
2410,2015-04-22,3,9,12,27,33,34,39
2411,2015-04-26,6,13,29,34,35,40,41
2412,2015-04-29,12,17,26,27,29,39,13
2413,2015-05-03,1,8,13,27,37,42,26
2414,2015-05-06,5,10,20,33,36,37,41
2415,2015-05-10,2,23,26,30,35,44,41
2416,2015-05-13,1,2,20,23,40,45,33
2417,2015-05-17,4,5,12,15,35,43,44
2418,2015-05-20,5,6,12,22,32,45,9
2419,2015-05-24,5,8,9,21,24,32,2
2420,2015-05-27,16,21,25,33,36,38,13
2421,2015-05-31,7,11,22,35,43,44,10
2422,2015-06-03,8,10,17,33,36,45,38
2423,2015-06-07,1,4,8,12,23,24,21
2424,2015-06-10,5,9,19,24,34,43,41
2425,2015-06-14,18,27,28,33,37,42,17
2426,2015-06-17,3,16,23,33,39,43,32
2427,2015-06-21,14,21,25,37,39,43,1
2428,2015-06-24,5,6,14,19,28,31,35
2429,2015-06-28,6,13,22,26,33,44,2
2430,2015-07-01,22,23,26,30,35,42,19
2431,2015-07-05,16,20,25,27,35,36,26
2432,2015-07-08,1,4,8,11,38,39,16
2433,2015-07-12,2,3,12,20,21,25,26
2434,2015-07-15,3,15,17,25,28,33,1
2435,2015-07-19,1,4,18,28,40,43,37
2436,2015-07-22,6,11,22,30,38,43,13
2437,2015-07-26,2,3,7,11,28,34,35
2438,2015-07-29,2,11,15,20,30,44,3
2439,2015-08-02,2,5,22,25,33,39,28
2440,2015-08-05,11,15,24,32,35,40,38
2441,2015-08-09,1,9,26,30,36,38,13
2442,2015-08-12,7,24,30,35,38,39,36
2443,2015-08-16,1,2,12,28,32,34,13
2444,2015-08-19,6,10,12,23,24,36,11
2445,2015-08-23,12,27,29,34,36,40,22
2446,2015-08-26,3,7,19,23,24,34,16
2447,2015-08-30,13,14,15,29,37,45,33
2448,2015-09-02,8,12,17,24,43,45,36
2449,2015-09-06,9,20,26,29,41,42,6
2450,2015-09-09,5,6,10,15,24,40,23
2451,2015-09-13,6,10,13,33,36,42,11
2452,2015-09-16,1,13,20,29,43,44,36
2453,2015-09-20,9,15,26,32,41,44,38
2454,2015-09-23,18,29,38,39,42,45,5
2455,2015-09-27,7,9,12,34,35,36,24
2456,2015-09-30,21,22,27,31,34,36,32
2457,2015-10-04,4,7,8,10,17,34,5
2458,2015-10-07,14,16,31,40,41,45,36
2459,2015-10-11,15,20,23,26,29,35,19
2460,2015-10-14,2,3,14,30,39,40,11
2461,2015-10-18,5,14,15,20,29,44,10
2462,2015-10-21,5,6,7,19,22,43,39
2463,2015-10-25,10,13,31,37,41,44,30
2464,2015-10-28,1,5,6,17,18,22,23
2465,2015-11-01,23,32,33,34,44,45,4
2466,2015-11-04,8,16,20,24,28,45,18
2467,2015-11-08,3,7,18,35,37,40,34
2468,2015-11-11,19,22,24,32,33,42,13
2469,2015-11-15,4,8,11,15,35,41,25
2470,2015-11-18,18,27,28,29,37,42,30
2471,2015-11-22,8,13,14,18,23,25,36
2472,2015-11-25,20,22,26,29,34,43,35
2473,2015-11-29,4,5,6,18,33,38,8
2474,2015-12-02,5,11,23,24,25,44,20
2475,2015-12-06,5,11,19,27,38,41,44
2476,2015-12-09,8,12,21,29,38,42,17
2477,2015-12-13,5,11,18,25,34,39,31
2478,2015-12-16,8,9,10,31,40,45,21
2479,2015-12-20,4,5,14,18,23,43,44
2480,2015-12-23,6,11,22,23,28,38,44
2481,2015-12-27,1,6,17,22,35,40,16
2482,2015-12-30,2,7,18,35,36,38,17
2483,2016-01-03,10,11,16,18,30,34,42
2484,2016-01-06,12,19,26,34,38,41,37
2485,2016-01-10,3,6,9,17,22,24,20
2486,2016-01-13,8,10,17,19,24,34,43
2487,2016-01-17,6,7,22,26,27,30,9
2488,2016-01-20,3,22,24,29,30,35,31
2489,2016-01-24,9,15,18,20,23,30,19
2490,2016-01-27,9,13,15,26,36,42,8
2491,2016-01-31,17,18,22,38,39,41,34
2492,2016-02-03,5,12,18,25,32,39,24
2493,2016-02-07,3,18,33,34,35,41,27
2494,2016-02-10,2,4,8,10,33,35,16
2495,2016-02-14,8,10,11,29,33,42,2
2496,2016-02-17,4,6,14,28,31,35,40
2497,2016-02-21,1,8,12,29,35,41,2
2498,2016-02-24,4,17,18,23,31,40,20
2499,2016-02-28,9,14,29,35,37,43,21
2500,2016-03-02,7,9,11,17,19,35,30
2501,2016-03-06,2,16,18,20,28,34,42
2502,2016-03-09,8,16,25,32,34,37,21
2503,2016-03-13,7,18,19,21,30,42,34
2504,2016-03-16,7,9,12,27,30,43,35
2505,2016-03-20,9,30,32,35,37,41,8
2506,2016-03-23,7,12,36,37,38,45,43
2507,2016-03-27,2,16,23,32,38,41,3
2508,2016-03-30,6,14,21,33,36,39,19
2509,2016-04-03,4,10,15,31,33,41,21
2510,2016-04-06,4,22,23,26,32,38,35
2511,2016-04-10,5,20,23,32,38,45,9
2512,2016-04-13,5,15,23,28,37,45,11
2513,2016-04-17,15,24,27,32,41,42,26
2514,2016-04-20,3,17,22,26,32,33,35
2515,2016-04-24,19,22,24,27,30,33,28
2516,2016-04-27,4,26,32,33,38,45,13
2517,2016-05-01,1,14,25,27,28,35,42
2518,2016-05-04,11,12,17,30,35,40,16
2519,2016-05-08,6,17,25,29,34,43,12
2520,2016-05-11,19,27,30,37,41,45,7
2521,2016-05-15,2,7,8,30,34,37,12
2522,2016-05-18,3,5,7,16,29,31,28
2523,2016-05-22,6,8,12,30,34,45,2
2524,2016-05-25,7,17,21,30,34,45,18
2525,2016-05-29,4,5,7,10,17,24,31
2526,2016-06-01,3,6,10,18,28,30,44
2527,2016-06-05,3,4,5,9,27,28,18
2528,2016-06-08,10,21,25,28,37,44,22
2529,2016-06-12,12,18,19,20,23,45,17
2530,2016-06-15,2,16,17,23,26,37,12
2531,2016-06-19,1,11,19,31,32,37,42
2532,2016-06-22,10,25,26,32,35,45,5
2533,2016-06-26,6,17,23,27,33,43,19
2534,2016-06-29,5,20,26,27,30,32,45
2535,2016-07-03,1,2,20,22,26,37,43
2536,2016-07-06,1,4,15,16,26,27,14
2537,2016-07-10,2,20,21,23,27,28,32
2538,2016-07-13,10,20,22,26,36,42,16
2539,2016-07-17,18,25,37,39,43,44,16
2540,2016-07-20,6,15,22,25,27,34,24
2541,2016-07-24,4,13,22,26,27,42,45
2542,2016-07-27,8,10,30,36,37,39,41
2543,2016-07-31,1,13,21,22,25,40,9
2544,2016-08-03,4,8,9,18,40,42,11
2545,2016-08-07,9,12,18,20,27,36,45
2546,2016-08-10,4,7,10,19,31,43,44
2547,2016-08-14,6,7,13,19,37,44,40
2548,2016-08-17,1,5,11,28,29,36,18
2549,2016-08-21,3,4,5,23,27,34,32
2550,2016-08-24,3,10,14,18,22,24,26
2551,2016-08-28,9,11,15,33,34,39,4
2552,2016-08-31,1,11,18,26,29,40,30
2553,2016-09-04,13,21,29,36,41,44,33
2554,2016-09-07,1,7,11,12,25,29,28
2555,2016-09-11,2,20,22,29,34,36,21
2556,2016-09-14,9,12,35,37,38,43,39
2557,2016-09-18,2,3,9,18,23,27,7
2558,2016-09-21,7,18,30,37,43,44,23
2559,2016-09-25,1,2,6,33,34,39,44
2560,2016-09-28,3,8,19,24,32,42,6
2561,2016-10-02,3,10,15,20,35,38,4
2562,2016-10-05,10,12,27,30,34,36,2
2563,2016-10-09,18,24,33,34,37,41,3
2564,2016-10-12,11,20,26,32,34,42,8
2565,2016-10-16,5,7,18,28,29,35,23
2566,2016-10-19,6,10,20,26,33,40,5
2567,2016-10-23,6,11,21,31,35,43,7
2568,2016-10-26,8,10,11,14,23,34,2
2569,2016-10-30,6,7,8,11,30,36,26
2570,2016-11-02,7,14,22,24,36,39,12
2571,2016-11-06,22,24,27,29,36,43,21
2572,2016-11-09,5,10,12,19,31,44,20
2573,2016-11-13,6,18,31,34,38,45,44
2574,2016-11-16,3,9,24,27,32,41,44
2575,2016-11-20,3,22,25,27,28,40,36
2576,2016-11-23,2,3,25,39,42,45,16
2577,2016-11-27,2,16,18,28,32,36,13
2578,2016-11-30,4,10,12,18,27,36,44
2579,2016-12-04,6,10,14,18,27,40,7
2580,2016-12-07,6,14,20,28,29,30,40
2581,2016-12-11,17,28,33,34,35,41,26
2582,2016-12-14,28,30,31,34,38,42,27
2583,2016-12-18,12,27,37,39,42,44,9
2584,2016-12-21,4,13,18,32,40,44,31
2585,2016-12-25,15,21,23,26,30,33,9
2586,2016-12-28,5,13,23,28,29,35,3
2587,2017-01-01,4,15,24,27,39,41,33
2588,2017-01-04,8,9,34,39,41,45,26
2589,2017-01-08,4,27,29,30,39,42,15
2590,2017-01-11,4,10,13,20,26,30,18
2591,2017-01-15,21,26,30,32,35,42,9
2592,2017-01-18,1,8,13,24,33,37,3
2593,2017-01-22,12,25,28,39,41,43,44
2594,2017-01-25,3,7,34,35,36,39,30
2595,2017-01-29,8,11,15,22,24,25,3
2596,2017-02-01,14,20,24,26,31,36,35
2597,2017-02-05,6,7,30,32,41,44,19
2598,2017-02-08,3,9,12,16,19,27,26
2599,2017-02-12,9,10,25,36,38,40,4
2600,2017-02-15,8,11,33,35,38,42,16
2601,2017-02-19,12,23,24,31,34,43,29
2602,2017-02-22,12,17,19,30,39,44,42
2603,2017-02-26,1,15,16,19,22,42,18
2604,2017-03-01,1,2,10,17,24,41,45
2605,2017-03-05,9,20,22,27,40,45,4
2606,2017-03-08,9,13,19,21,27,29,7
2607,2017-03-12,8,12,18,24,25,44,19
2608,2017-03-15,1,14,18,27,30,40,12
2609,2017-03-19,5,11,16,19,27,33,39
2610,2017-03-22,14,23,32,38,44,45,33
2611,2017-03-26,3,24,28,37,40,42,27
2612,2017-03-29,5,28,32,33,34,43,36
2613,2017-04-02,2,3,19,31,34,39,16
2614,2017-04-05,4,8,22,25,26,31,13
2615,2017-04-09,3,13,19,29,40,43,4
2616,2017-04-12,2,6,13,30,35,44,1
2617,2017-04-16,3,7,20,31,39,43,19
2618,2017-04-19,10,18,25,30,33,41,45
2619,2017-04-23,1,4,10,21,32,44,12
2620,2017-04-26,5,6,11,19,27,44,17
2621,2017-04-30,20,28,30,32,40,41,19
2622,2017-05-03,3,8,27,32,42,43,15
2623,2017-05-07,12,16,32,37,42,45,29
2624,2017-05-10,1,5,16,29,35,39,45
2625,2017-05-14,5,8,9,32,33,35,2
2626,2017-05-17,6,17,20,24,25,34,16
2627,2017-05-21,12,25,26,27,29,35,19
2628,2017-05-24,8,13,28,29,31,40,25
2629,2017-05-28,16,20,23,33,37,44,26
2630,2017-05-31,3,10,11,13,28,43,5
2631,2017-06-04,6,14,30,37,42,43,13
2632,2017-06-07,1,6,10,12,33,34,19
2633,2017-06-11,2,6,21,27,34,45,16
2634,2017-06-14,7,12,17,27,37,45,25
2635,2017-06-18,1,6,18,22,31,33,41
2636,2017-06-21,9,10,12,14,44,45,6
2637,2017-06-25,4,17,18,24,36,41,38
2638,2017-06-28,5,13,16,31,34,39,6
2639,2017-07-02,1,7,16,18,21,22,2
2640,2017-07-05,11,19,27,35,37,38,10
2641,2017-07-09,7,8,21,30,33,44,37
2642,2017-07-12,2,10,17,21,25,45,29
2643,2017-07-16,12,14,18,23,28,37,39
2644,2017-07-19,4,6,16,34,36,43,32
2645,2017-07-23,17,23,24,30,32,34,21
2646,2017-07-26,1,17,23,24,30,44,11
2647,2017-07-30,8,12,19,24,35,44,22
2648,2017-08-02,7,8,29,34,37,41,24
2649,2017-08-06,4,15,16,19,27,39,43
2650,2017-08-09,3,10,25,36,39,42,31
2651,2017-08-13,5,7,18,29,32,38,43
2652,2017-08-16,21,22,23,26,28,34,8
2653,2017-08-20,7,13,17,18,32,37,20
2654,2017-08-23,19,23,24,38,39,41,37
2655,2017-08-27,3,4,5,7,20,33,41
2656,2017-08-30,1,14,22,27,32,37,41
2657,2017-09-03,3,11,13,15,39,40,37
2658,2017-09-06,4,7,11,18,23,36,35
2659,2017-09-10,14,17,26,34,40,44,3
2660,2017-09-13,5,14,23,27,31,45,29
2661,2017-09-17,2,11,15,29,32,44,3
2662,2017-09-20,2,7,11,18,20,24,42
2663,2017-09-24,1,12,31,32,38,43,27
2664,2017-09-27,9,26,32,35,37,43,18
2665,2017-10-01,4,6,16,18,24,38,1
2666,2017-10-04,14,26,32,33,36,37,40
2667,2017-10-08,10,13,26,34,37,45,6
2668,2017-10-11,5,13,26,29,33,41,40
2669,2017-10-15,6,7,9,14,28,44,2
2670,2017-10-18,14,16,19,22,39,41,10
2671,2017-10-22,7,30,31,36,38,39,12
2672,2017-10-25,8,18,21,32,35,36,9
2673,2017-10-29,4,9,24,26,29,33,41
2674,2017-11-01,1,3,4,27,33,35,10
2675,2017-11-05,5,8,16,19,22,40,36
2676,2017-11-08,15,18,20,29,30,41,25
2677,2017-11-12,2,17,34,40,43,44,1
2678,2017-11-15,2,5,7,19,27,40,6
2679,2017-11-19,2,14,19,23,40,41,31
2680,2017-11-22,1,3,6,12,16,42,40
2681,2017-11-26,1,4,6,23,30,45,32
2682,2017-11-29,5,11,15,20,21,26,25
2683,2017-12-03,3,15,23,30,33,37,42
2684,2017-12-06,15,26,31,39,43,44,2
2685,2017-12-10,7,11,21,22,25,37,3
2686,2017-12-13,2,5,10,25,28,42,36
2687,2017-12-17,11,27,28,31,36,37,33
2688,2017-12-20,13,33,34,35,36,39,23
2689,2017-12-24,7,8,14,33,38,40,2
2690,2017-12-27,3,5,26,31,35,41,22
2691,2017-12-31,10,22,33,37,43,45,31
2692,2018-01-03,8,22,25,26,32,45,6
2693,2018-01-07,26,31,32,37,39,41,25
2694,2018-01-10,3,7,25,27,31,41,21
2695,2018-01-14,1,3,30,33,37,43,10
2696,2018-01-17,9,14,15,17,31,42,3
2697,2018-01-21,11,12,14,24,31,44,22
2698,2018-01-24,2,4,8,14,35,43,12
2699,2018-01-28,13,22,30,34,35,45,27
2700,2018-01-31,3,15,23,26,38,40,35
2701,2018-02-04,2,17,19,22,34,38,6
2702,2018-02-07,6,13,22,25,36,41,3
2703,2018-02-11,3,12,30,34,37,40,45
2704,2018-02-14,9,10,12,28,32,40,39
2705,2018-02-18,1,12,14,30,35,40,29
2706,2018-02-21,1,16,23,29,33,37,42
2707,2018-02-25,1,10,11,20,32,39,23
2708,2018-02-28,3,21,22,32,36,40,2
2709,2018-03-04,7,12,28,32,34,39,33
2710,2018-03-07,1,18,26,27,32,42,16
2711,2018-03-11,3,6,10,20,28,33,32
2712,2018-03-14,7,10,12,35,37,38,28
2713,2018-03-18,10,13,14,24,26,33,36
2714,2018-03-21,10,23,25,32,34,44,16
2715,2018-03-25,8,9,18,28,40,44,36
2716,2018-03-28,3,4,28,30,31,39,1
2717,2018-04-01,13,23,25,29,36,38,24
2718,2018-04-04,11,14,26,29,35,43,10
2719,2018-04-08,1,5,19,23,26,30,37
2720,2018-04-11,1,4,5,6,7,25,39
2721,2018-04-15,3,10,13,20,24,45,21
2722,2018-04-18,12,14,17,39,40,45,19
2723,2018-04-22,7,8,24,26,41,45,19
2724,2018-04-25,3,8,36,40,43,44,23
2725,2018-04-29,2,18,29,30,32,43,28
2726,2018-05-02,9,19,26,28,31,42,22
2727,2018-05-06,2,19,23,37,42,44,38
2728,2018-05-09,9,15,17,21,33,36,29
2729,2018-05-13,3,4,5,16,17,20,19
2730,2018-05-16,8,17,24,28,29,40,25
2731,2018-05-20,1,9,23,28,41,43,39
2732,2018-05-23,9,13,15,16,24,33,18
2733,2018-05-27,10,11,23,27,29,37,36
2734,2018-05-30,1,4,19,22,30,33,20
2735,2018-06-03,12,16,20,25,32,36,3
2736,2018-06-06,12,15,28,29,32,43,42
2737,2018-06-10,20,21,28,29,35,37,39
2738,2018-06-13,12,16,23,30,38,43,14
2739,2018-06-17,4,9,10,12,13,32,27
2740,2018-06-20,3,6,16,27,32,39,29
2741,2018-06-24,20,23,28,38,43,45,41
2742,2018-06-27,8,15,26,28,37,44,43
2743,2018-07-01,5,6,8,10,17,30,29
2744,2018-07-04,6,8,29,30,34,36,26
2745,2018-07-08,8,9,18,39,41,45,13
2746,2018-07-11,27,29,36,41,44,45,32
2747,2018-07-15,15,29,37,42,43,45,40
2748,2018-07-18,7,10,22,24,27,43,40
2749,2018-07-22,2,6,13,21,28,37,42
2750,2018-07-25,10,18,26,31,32,37,19
2751,2018-07-29,2,3,6,29,33,40,21
2752,2018-08-01,14,16,28,29,36,42,27
2753,2018-08-05,10,17,23,24,34,42,39
2754,2018-08-08,1,12,25,35,37,45,28
2755,2018-08-12,12,26,36,38,41,45,5
2756,2018-08-15,9,19,30,34,35,42,43
2757,2018-08-19,2,11,14,22,23,44,36
2758,2018-08-22,20,21,22,24,30,43,36
2759,2018-08-26,1,18,22,23,30,32,34
2760,2018-08-29,14,16,24,30,31,45,18
2761,2018-09-02,2,15,16,31,37,45,21
2762,2018-09-05,5,8,15,26,40,42,29
2763,2018-09-09,4,8,12,18,24,39,29
2764,2018-09-12,8,12,20,23,37,42,19
2765,2018-09-16,8,10,14,23,43,44,32
2766,2018-09-19,1,10,24,25,39,45,27
2767,2018-09-23,9,13,14,29,39,44,16
2768,2018-09-26,1,4,5,11,15,33,40
2769,2018-09-30,2,6,9,17,35,38,42
2770,2018-10-03,3,10,23,27,28,41,24
2771,2018-10-07,22,24,27,34,35,44,30
2772,2018-10-10,16,23,37,40,44,45,15
2773,2018-10-14,6,7,18,27,33,38,5
2774,2018-10-17,1,9,20,24,29,31,18
2775,2018-10-21,10,14,16,22,35,44,38
2776,2018-10-24,1,7,10,12,21,24,23
2777,2018-10-28,12,19,22,26,35,37,15
2778,2018-10-31,6,7,13,24,27,38,37
2779,2018-11-04,9,10,15,26,31,38,29
2780,2018-11-07,3,14,26,27,41,42,12
2781,2018-11-11,13,14,22,33,34,43,30
2782,2018-11-14,12,21,23,34,38,44,24
2783,2018-11-18,2,4,9,14,41,44,18
2784,2018-11-21,20,25,29,32,37,44,43
2785,2018-11-25,9,10,29,31,38,43,12
2786,2018-11-28,9,10,17,18,28,40,35
2787,2018-12-02,6,15,17,18,40,43,10
2788,2018-12-05,15,16,17,20,21,25,23
2789,2018-12-09,15,16,35,38,41,42,19
2790,2018-12-12,8,9,14,26,27,34,16
2791,2018-12-16,8,12,21,24,36,44,31
2792,2018-12-19,3,11,20,29,39,44,38
2793,2018-12-23,19,27,28,34,35,44,18
2794,2018-12-26,13,16,22,26,29,36,43
2795,2018-12-30,4,7,8,12,14,44,10
2796,2019-01-02,2,10,12,13,26,28,35
2797,2019-01-06,3,23,24,34,36,39,18
2798,2019-01-09,1,8,21,31,33,39,38
2799,2019-01-13,8,11,15,16,20,30,42
2800,2019-01-16,3,17,18,32,38,43,39
2801,2019-01-20,1,7,19,22,36,42,17
2802,2019-01-23,1,12,28,36,40,41,8
2803,2019-01-27,4,13,15,29,33,39,2
2804,2019-01-30,19,20,21,28,30,45,16
2805,2019-02-03,2,25,27,39,40,42,34
2806,2019-02-06,13,15,19,26,30,44,8
2807,2019-02-10,2,4,9,12,13,16,15
2808,2019-02-13,3,7,8,16,23,25,21
2809,2019-02-17,5,7,26,33,37,44,40
2810,2019-02-20,9,12,21,26,29,37,34
2811,2019-02-24,4,6,25,29,30,35,18
2812,2019-02-27,2,6,13,37,39,43,24
2813,2019-03-03,16,21,25,33,35,42,17
2814,2019-03-06,1,7,12,33,37,42,43
2815,2019-03-10,2,7,8,12,14,29,19
2816,2019-03-13,4,25,30,33,34,43,12
2817,2019-03-17,12,15,19,22,37,39,27
2818,2019-03-20,8,11,12,17,23,24,20
2819,2019-03-24,8,12,22,28,38,44,25
2820,2019-03-27,7,20,27,32,43,44,30
2821,2019-03-31,4,11,20,22,23,40,35
2822,2019-04-03,2,6,10,14,34,38,28
2823,2019-04-07,7,9,22,28,31,38,15
2824,2019-04-10,3,14,26,27,28,30,20
2825,2019-04-14,8,19,24,29,44,45,12
2826,2019-04-17,4,16,17,18,37,42,10
2827,2019-04-21,2,5,25,28,35,37,39
2828,2019-04-24,5,13,20,26,31,40,43
2829,2019-04-28,7,8,9,14,25,33,6
2830,2019-05-01,4,7,24,28,36,40,21
2831,2019-05-05,3,4,10,24,33,34,23
2832,2019-05-08,23,28,32,35,39,40,30
2833,2019-05-12,7,12,20,33,38,41,23
2834,2019-05-15,4,5,12,24,26,27,45
2835,2019-05-19,5,7,23,27,31,34,38
2836,2019-05-22,19,26,28,35,38,43,18
2837,2019-05-26,3,5,9,11,28,31,44
2838,2019-05-29,1,3,7,20,22,34,13
2839,2019-06-02,12,13,29,30,36,42,8
2840,2019-06-05,4,18,20,32,34,44,45
2841,2019-06-09,3,16,17,24,26,41,42
2842,2019-06-12,3,8,11,15,18,43,33
2843,2019-06-16,3,15,25,35,37,45,34
2844,2019-06-19,3,9,18,35,38,41,11
2845,2019-06-23,6,9,10,24,40,44,21
2846,2019-06-26,6,13,17,28,32,42,29
2847,2019-06-30,5,9,15,16,22,32,3
2848,2019-07-03,6,16,29,31,41,44,1
2849,2019-07-07,8,19,32,33,41,42,20
2850,2019-07-10,5,28,30,35,36,45,25
2851,2019-07-14,4,12,16,22,24,33,31
2852,2019-07-17,4,5,18,28,31,32,33
2853,2019-07-21,7,13,17,20,42,45,5
2854,2019-07-24,4,6,7,29,30,37,16
2855,2019-07-28,3,7,9,13,26,39,8
2856,2019-07-31,13,22,33,37,39,41,11
2857,2019-08-04,12,13,16,17,22,41,40
2858,2019-08-07,3,4,9,19,20,25,37
2859,2019-08-11,5,14,21,28,32,42,35
2860,2019-08-14,1,6,7,20,28,35,33
2861,2019-08-18,1,7,8,19,24,39,9
2862,2019-08-21,5,6,24,26,35,36,2
2863,2019-08-25,2,24,31,32,40,41,25
2864,2019-08-28,4,10,20,25,29,35,32
2865,2019-09-01,2,16,27,35,39,45,5
2866,2019-09-04,2,6,11,27,32,42,12
2867,2019-09-08,18,23,27,28,39,45,20
2868,2019-09-11,5,7,13,15,23,30,31
2869,2019-09-15,1,6,15,27,29,40,41
2870,2019-09-18,12,14,21,25,32,33,36
2871,2019-09-22,3,14,23,25,32,41,26
2872,2019-09-25,5,14,21,26,29,38,13
2873,2019-09-29,3,4,18,19,28,32,6
2874,2019-10-02,11,15,16,17,22,24,27
2875,2019-10-06,10,29,31,32,44,45,33
2876,2019-10-09,3,6,16,28,33,42,39
2877,2019-10-13,9,14,17,23,26,32,33
2878,2019-10-16,3,4,25,36,40,45,18
2879,2019-10-20,1,2,3,18,26,34,17
2880,2019-10-23,6,8,13,32,39,45,28
2881,2019-10-27,9,26,28,32,35,43,25
2882,2019-10-30,4,11,12,15,20,42,14
2883,2019-11-03,15,16,22,24,27,33,17
2884,2019-11-06,6,16,17,34,38,40,28
2885,2019-11-10,2,9,10,19,29,40,3
2886,2019-11-13,4,27,33,34,41,45,42
2887,2019-11-17,2,15,23,28,33,34,19
2888,2019-11-20,7,11,13,15,22,27,2
2889,2019-11-24,3,9,15,18,26,29,28
2890,2019-11-27,2,7,17,23,39,43,18
2891,2019-12-01,4,9,20,22,32,37,39
2892,2019-12-04,2,7,9,32,36,43,31
2893,2019-12-08,8,27,30,40,42,43,9
2894,2019-12-11,2,8,18,26,35,43,40
2895,2019-12-15,8,11,16,33,38,45,42
2896,2019-12-18,1,8,11,17,32,34,45
2897,2019-12-22,7,8,9,22,25,37,23
2898,2019-12-25,6,27,32,33,38,40,21
2899,2019-12-29,3,20,22,27,31,33,38
2900,2020-01-01,5,8,19,23,36,39,3
2901,2020-01-05,3,5,12,27,36,44,15
2902,2020-01-08,18,21,24,38,41,42,4
2903,2020-01-12,6,13,25,31,38,44,32
2904,2020-01-15,9,11,16,26,31,41,34
2905,2020-01-19,5,12,36,38,39,45,22
2906,2020-01-22,1,15,28,42,43,44,12
2907,2020-01-26,5,23,26,27,37,40,4
2908,2020-01-29,3,11,23,29,39,44,28
2909,2020-02-02,6,7,9,20,28,30,40
2910,2020-02-05,8,17,33,36,38,44,23
2911,2020-02-09,5,22,23,27,37,45,25
2912,2020-02-12,3,4,7,17,39,44,33
2913,2020-02-16,4,5,20,22,31,39,38
2914,2020-02-19,1,2,3,16,24,44,12
2915,2020-02-23,6,8,18,33,42,45,29
2916,2020-02-26,3,6,11,16,25,43,1
2917,2020-03-01,11,14,20,37,38,41,13
2918,2020-03-04,4,10,12,31,34,44,32
2919,2020-03-08,3,10,13,18,26,36,9
2920,2020-03-11,15,29,31,42,44,45,10
2921,2020-03-13,2,14,26,30,38,39,18
2922,2020-03-15,4,16,17,20,25,43,19
2923,2020-03-18,5,9,20,21,26,42,27
2924,2020-03-22,4,9,12,17,32,43,38
2925,2020-03-25,5,26,30,31,32,33,6
2926,2020-03-29,3,4,6,30,36,39,5
2927,2020-04-01,1,11,15,22,26,36,25
2928,2020-04-05,12,23,28,33,40,41,11
2929,2020-04-08,1,4,6,15,18,32,9
2930,2020-04-12,13,20,26,41,43,45,17
2931,2020-04-15,2,5,11,41,43,44,38
2932,2020-04-19,2,10,12,33,35,39,38
2933,2020-04-22,3,11,12,23,28,38,2
2934,2020-04-26,8,16,23,25,26,28,11
2935,2020-04-29,11,15,16,18,29,34,13
2936,2020-05-03,10,14,21,32,34,45,11
2937,2020-05-06,4,8,26,27,28,44,12
2938,2020-05-10,7,13,27,31,32,44,10
2939,2020-05-13,4,18,19,21,25,36,2
2940,2020-05-17,3,7,11,18,22,34,35
2941,2020-05-20,4,13,14,24,27,31,22
2942,2020-05-24,12,16,18,25,28,34,45
2943,2020-05-27,12,20,28,37,40,42,1
2944,2020-05-31,21,25,26,28,34,40,17
2945,2020-06-03,4,9,10,13,18,31,36
2946,2020-06-07,1,12,20,36,41,42,22
2947,2020-06-10,8,11,18,24,27,37,45
2948,2020-06-14,9,12,17,20,28,45,5
2949,2020-06-17,3,11,12,16,28,39,43
2950,2020-06-19,1,7,13,39,44,45,9
2951,2020-06-21,4,15,30,35,38,45,42
2952,2020-06-24,10,17,18,25,29,36,37
2953,2020-06-28,10,16,28,31,36,37,33
2954,2020-07-01,1,3,15,22,27,32,23
2955,2020-07-05,1,3,5,6,35,42,9
2956,2020-07-08,4,16,26,31,34,40,42
2957,2020-07-12,8,17,18,33,42,45,32
2958,2020-07-15,11,15,18,21,32,44,31
2959,2020-07-19,4,11,16,32,41,45,21
2960,2020-07-22,3,6,9,22,24,38,20
2961,2020-07-26,1,3,7,26,27,35,21
2962,2020-07-29,23,24,31,35,36,42,14
2963,2020-08-02,16,17,18,23,26,44,34
2964,2020-08-05,3,30,32,34,37,39,18
2965,2020-08-09,3,4,17,23,25,32,36
2966,2020-08-12,1,16,18,23,27,45,15
2967,2020-08-16,5,26,31,32,37,41,23
2968,2020-08-19,5,9,15,33,34,42,38
2969,2020-08-23,3,12,19,26,32,40,24
2970,2020-08-26,3,4,8,14,31,38,13
2971,2020-08-30,17,22,27,35,36,39,21
2972,2020-09-02,11,21,34,37,40,43,19
2973,2020-09-06,4,11,15,34,36,39,44
2974,2020-09-09,7,11,18,22,26,34,27
2975,2020-09-13,20,22,30,34,40,43,39
2976,2020-09-16,3,8,18,23,32,41,21
2977,2020-09-20,5,6,14,19,26,30,11
2978,2020-09-23,4,8,11,21,39,45,14
2979,2020-09-27,3,6,8,11,32,39,27
2980,2020-09-30,2,7,11,22,28,39,40
2981,2020-10-04,10,14,16,27,30,40,38
2982,2020-10-07,3,7,9,13,17,26,18
2983,2020-10-11,5,16,18,24,34,42,20
2984,2020-10-14,4,7,9,10,19,42,8
2985,2020-10-18,10,15,22,35,43,45,2
2986,2020-10-21,3,11,19,25,28,38,34
2987,2020-10-25,1,3,5,10,39,40,19
2988,2020-10-28,4,8,10,15,18,35,42
2989,2020-11-01,1,4,5,8,28,29,39
2990,2020-11-04,6,17,26,28,36,45,11
2991,2020-11-08,18,28,31,35,44,45,26
2992,2020-11-11,7,16,20,31,38,41,1
2993,2020-11-13,1,4,5,24,42,45,26
2994,2020-11-15,12,16,29,34,35,45,22
2995,2020-11-18,7,16,25,30,33,39,26
2996,2020-11-22,18,22,36,40,42,45,2
2997,2020-11-25,10,13,15,26,33,39,35
2998,2020-11-29,5,15,26,32,33,35,30
2999,2020-12-02,11,14,24,27,28,34,23
3000,2020-12-06,4,10,12,20,40,41,2
3001,2020-12-09,1,4,6,9,23,42,41
3002,2020-12-13,17,19,22,24,29,43,1
3003,2020-12-16,5,11,12,19,21,41,42
3004,2020-12-20,10,12,16,27,39,42,45
3005,2020-12-23,7,12,23,24,31,38,22
3006,2020-12-27,16,18,19,24,28,32,42
3007,2020-12-30,3,6,14,35,40,42,11
3008,2021-01-03,4,5,12,16,26,40,39
3009,2021-01-06,10,13,18,30,39,45,28
3010,2021-01-08,4,20,22,24,27,29,31
3011,2021-01-10,4,5,8,18,29,34,23
3012,2021-01-13,6,8,23,28,32,44,35
3013,2021-01-17,4,5,14,17,32,33,27
3014,2021-01-20,5,14,20,24,27,42,45
3015,2021-01-24,5,10,17,27,31,42,2
3016,2021-01-27,4,5,17,21,27,42,2
3017,2021-01-31,3,5,25,27,28,40,43
3018,2021-02-03,12,22,23,26,32,34,14
3019,2021-02-07,18,20,32,34,40,45,2
3020,2021-02-10,20,26,27,28,29,41,44
3021,2021-02-12,3,9,23,28,39,42,41
3022,2021-02-14,7,25,31,32,37,41,26
3023,2021-02-17,7,8,13,14,19,43,20
3024,2021-02-21,10,21,26,35,40,45,14
3025,2021-02-24,7,11,19,27,41,45,33
3026,2021-02-28,10,13,20,27,33,35,36
3027,2021-03-03,1,6,7,13,17,37,45
3028,2021-03-07,11,14,15,18,25,32,36
3029,2021-03-10,5,13,25,26,37,40,15
3030,2021-03-12,4,17,27,32,39,45,34
3031,2021-03-14,15,16,18,23,25,35,34
3032,2021-03-17,6,10,18,21,32,33,29
3033,2021-03-21,8,26,35,39,40,45,21
3034,2021-03-24,4,6,8,13,19,27,15
3035,2021-03-28,3,11,24,27,29,45,35
3036,2021-03-31,1,2,13,18,22,42,39
3037,2021-04-04,11,18,30,31,44,45,3
3038,2021-04-07,12,17,26,27,43,44,2
3039,2021-04-09,9,16,20,21,33,37,31
3040,2021-04-11,1,4,7,17,36,38,6
3041,2021-04-14,3,4,6,12,40,43,45
3042,2021-04-18,3,15,21,22,29,32,17
3043,2021-04-21,11,13,15,16,38,39,7
3044,2021-04-25,9,11,13,14,37,38,26
3045,2021-04-28,9,11,12,14,24,26,22
3046,2021-05-02,4,6,7,17,18,38,19
3047,2021-05-05,20,29,30,40,44,45,19
3048,2021-05-09,3,7,16,25,39,45,18
3049,2021-05-12,3,4,8,18,27,34,35
3050,2021-05-14,4,8,17,18,38,44,28
3051,2021-05-16,5,6,8,16,22,42,10
3052,2021-05-19,3,4,17,22,27,41,44
3053,2021-05-23,1,17,20,32,35,36,19
3054,2021-05-26,6,8,11,17,21,33,2
3055,2021-05-30,4,10,17,28,42,44,14
3056,2021-06-02,10,12,23,26,32,40,16
3057,2021-06-06,24,27,29,32,35,45,6
3058,2021-06-09,3,9,24,38,39,42,29
3059,2021-06-13,1,4,5,13,16,20,3
3060,2021-06-16,7,10,21,22,40,43,37
3061,2021-06-20,4,7,8,19,23,42,40
3062,2021-06-23,4,5,10,36,42,45,19
3063,2021-06-27,16,20,24,27,30,39,23
3064,2021-06-30,4,5,11,22,41,44,7
3065,2021-07-04,7,13,23,33,35,40,5
3066,2021-07-07,2,5,7,12,25,32,19
3067,2021-07-09,4,5,15,28,42,43,23
3068,2021-07-11,1,8,13,23,30,40,12
3069,2021-07-14,10,13,23,34,37,40,17
3070,2021-07-18,6,11,16,29,44,45,10
3071,2021-07-21,7,12,28,31,35,40,19
3072,2021-07-25,9,12,17,30,31,43,11
3073,2021-07-28,5,8,9,19,25,37,16
3074,2021-08-01,8,13,19,20,26,45,9
3075,2021-08-04,11,14,18,42,44,45,27
3076,2021-08-08,3,17,27,30,40,41,19
3077,2021-08-11,1,3,8,28,37,38,4
3078,2021-08-13,3,6,19,41,43,45,5
3079,2021-08-15,5,20,21,28,33,35,39
3080,2021-08-18,22,27,30,39,41,42,17
3081,2021-08-22,8,10,15,18,19,33,26
3082,2021-08-25,3,15,24,29,40,45,20
3083,2021-08-29,8,14,18,29,40,42,44
3084,2021-09-01,13,24,29,33,38,45,8
3085,2021-09-05,6,15,22,38,43,45,41
3086,2021-09-08,2,11,23,25,27,42,20
3087,2021-09-10,1,10,11,30,34,41,28
3088,2021-09-12,7,14,18,20,41,43,10
3089,2021-09-15,4,5,19,27,36,41,37
3090,2021-09-19,3,6,8,24,26,27,2
3091,2021-09-22,3,21,24,29,34,42,11
3092,2021-09-26,3,11,22,23,24,28,19
3093,2021-09-29,6,16,29,31,33,39,30
3094,2021-10-03,5,29,38,41,43,45,32
3095,2021-10-06,6,8,21,22,25,45,30
3096,2021-10-08,1,5,13,24,32,38,37
3097,2021-10-10,5,7,12,13,14,42,18
3098,2021-10-13,7,9,18,21,34,40,38
3099,2021-10-17,5,8,10,20,24,28,40
3100,2021-10-20,2,12,14,29,42,45,30
3101,2021-10-24,2,5,9,24,26,35,8
3102,2021-10-27,1,25,33,34,38,43,21
3103,2021-10-31,2,3,10,15,40,43,11
3104,2021-11-03,4,9,19,21,43,45,3
3105,2021-11-07,2,7,13,26,29,42,33
3106,2021-11-10,2,15,17,18,19,23,13
3107,2021-11-12,7,17,20,28,35,41,10
3108,2021-11-14,5,8,9,13,38,42,16
3109,2021-11-17,9,20,25,26,32,42,43
3110,2021-11-21,1,6,17,19,21,32,35
3111,2021-11-24,17,24,26,29,30,35,32
3112,2021-11-28,6,12,19,23,25,26,45
3113,2021-12-01,6,24,27,41,42,45,34
3114,2021-12-05,9,10,16,21,28,31,17
3115,2021-12-08,7,12,20,24,36,38,44
3116,2021-12-12,1,14,17,18,26,37,20
3117,2021-12-15,10,14,22,30,31,36,28
3118,2021-12-19,5,9,11,16,23,35,19
3119,2021-12-22,4,10,16,18,25,32,2
3120,2021-12-26,15,18,19,26,35,36,11
3121,2021-12-29,12,20,30,35,42,43,10
3122,2022-01-02,11,19,20,30,34,38,25
3123,2022-01-05,4,14,29,35,39,40,36
3124,2022-01-09,2,3,5,11,19,44,24
3125,2022-01-12,4,9,29,30,32,38,14
3126,2022-01-14,6,14,20,29,34,41,11
3127,2022-01-16,6,7,9,37,41,43,32
3128,2022-01-19,9,10,11,21,32,43,44
3129,2022-01-23,5,27,29,31,35,44,37
3130,2022-01-26,2,19,23,36,38,39,7
3131,2022-01-30,11,14,34,37,39,40,42
3132,2022-02-02,4,8,10,15,18,27,45
3133,2022-02-06,7,16,17,32,36,39,37
3134,2022-02-09,1,4,21,29,31,34,12
3135,2022-02-11,2,7,22,37,40,44,21
3136,2022-02-13,13,17,23,26,35,37,5
3137,2022-02-16,12,17,23,24,28,45,44
3138,2022-02-20,2,10,17,24,35,37,42
3139,2022-02-23,1,3,21,23,35,43,44
3140,2022-02-27,1,10,23,25,35,39,5
3141,2022-03-02,4,12,20,25,29,36,1
3142,2022-03-06,11,22,24,29,39,40,9
3143,2022-03-09,2,22,32,33,34,41,42
3144,2022-03-11,7,16,19,29,32,37,30
3145,2022-03-13,7,8,14,32,39,41,33
3146,2022-03-16,2,22,26,27,28,43,40
3147,2022-03-20,10,14,15,17,19,36,5
3148,2022-03-23,1,2,10,14,17,24,34
3149,2022-03-27,13,18,32,40,43,45,44
3150,2022-03-30,5,12,23,24,25,40,7
3151,2022-04-03,3,17,26,33,41,45,4
3152,2022-04-06,10,39,41,42,43,44,25
3153,2022-04-08,4,5,17,18,32,34,41
3154,2022-04-10,3,14,19,24,26,44,34
3155,2022-04-13,2,7,31,32,41,42,24
3156,2022-04-17,10,25,30,38,39,41,27
3157,2022-04-20,10,14,17,22,23,32,34
3158,2022-04-24,5,13,18,28,39,45,27
3159,2022-04-27,8,9,28,34,40,43,32
3160,2022-05-01,16,21,23,25,31,44,29
3161,2022-05-04,6,7,11,13,34,40,36
3162,2022-05-08,21,23,27,28,36,44,39
3163,2022-05-11,4,15,22,29,32,42,28
3164,2022-05-13,3,6,11,25,33,45,23
3165,2022-05-15,4,11,13,20,29,45,12
3166,2022-05-18,1,2,18,27,36,37,26
3167,2022-05-22,5,13,20,21,29,32,18
3168,2022-05-25,3,4,25,27,30,42,31
3169,2022-05-29,5,12,20,40,41,45,10
3170,2022-06-01,13,18,19,26,41,44,17
3171,2022-06-05,32,34,36,37,38,43,28
3172,2022-06-08,10,14,26,27,35,41,32
3173,2022-06-12,12,14,31,33,35,40,24
3174,2022-06-15,3,12,26,32,36,42,30
3175,2022-06-19,5,18,20,24,37,40,30
3176,2022-06-22,10,18,28,29,37,42,26
3177,2022-06-26,1,11,17,18,19,43,26
3178,2022-06-29,10,13,37,38,42,44,21
3179,2022-07-03,8,11,17,25,35,45,20
3180,2022-07-06,11,12,15,18,33,43,38
3181,2022-07-08,11,17,21,22,24,38,2
3182,2022-07-10,9,12,24,25,28,45,16
3183,2022-07-13,1,5,20,22,41,42,35
3184,2022-07-17,4,11,27,29,32,35,6
3185,2022-07-20,14,18,31,33,37,42,27
3186,2022-07-24,13,20,25,32,33,39,1
3187,2022-07-27,14,15,27,30,36,37,29
3188,2022-07-31,8,31,32,34,37,45,30
3189,2022-08-03,24,25,30,36,44,45,23
3190,2022-08-07,1,16,30,31,37,42,25
3191,2022-08-10,7,17,19,22,33,40,20
3192,2022-08-12,5,24,28,37,38,43,3
3193,2022-08-14,2,14,16,22,32,36,21
3194,2022-08-17,1,3,7,30,34,36,14
3195,2022-08-21,14,16,24,26,40,44,35
3196,2022-08-24,2,7,10,20,36,38,22
3197,2022-08-28,3,18,27,29,34,42,32
3198,2022-08-31,1,6,12,14,16,36,26
3199,2022-09-04,1,2,18,27,32,44,40
3200,2022-09-07,3,14,17,24,35,44,7
3201,2022-09-11,7,9,12,14,23,27,34
3202,2022-09-14,5,16,18,22,36,37,25
3203,2022-09-16,4,6,15,31,39,41,9
3204,2022-09-18,4,18,19,21,29,37,1
3205,2022-09-21,3,7,35,36,39,42,4
3206,2022-09-25,9,10,12,33,42,43,23
3207,2022-09-28,5,11,19,27,30,44,23
3208,2022-10-02,6,11,13,21,34,39,42
3209,2022-10-05,10,12,25,35,36,42,26
3210,2022-10-09,10,13,17,22,32,39,4
3211,2022-10-12,8,16,17,22,27,40,35
3212,2022-10-14,3,10,24,29,39,41,42
3213,2022-10-16,8,14,15,22,26,41,38
3214,2022-10-19,2,13,15,21,37,43,10
3215,2022-10-23,6,8,12,37,39,43,28
3216,2022-10-26,9,22,25,34,37,45,3
3217,2022-10-30,2,11,16,25,38,41,7
3218,2022-11-02,2,14,15,22,28,42,12
3219,2022-11-06,2,4,15,30,32,34,43
3220,2022-11-09,2,13,23,27,28,45,14
3221,2022-11-11,6,15,16,17,23,42,18
3222,2022-11-13,3,11,17,29,37,41,8
3223,2022-11-16,4,5,8,22,37,38,9
3224,2022-11-20,1,11,16,20,35,45,41
3225,2022-11-23,14,28,32,33,43,44,20
3226,2022-11-27,7,13,18,37,39,45,40
3227,2022-11-30,12,14,28,31,33,42,5
3228,2022-12-04,10,17,25,27,35,43,21
3229,2022-12-07,1,12,19,22,29,35,38
3230,2022-12-11,8,13,27,36,37,40,12
3231,2022-12-14,6,19,20,22,29,39,33
3232,2022-12-18,5,11,27,28,39,44,36
3233,2022-12-21,10,13,29,30,32,42,36
3234,2022-12-25,7,12,31,37,40,41,45
3235,2022-12-28,1,5,12,30,34,36,40
3236,2023-01-01,1,3,24,33,39,40,35
3237,2023-01-04,3,5,10,17,35,41,22
3238,2023-01-08,4,6,19,25,39,42,17
3239,2023-01-11,3,13,25,26,27,40,31
3240,2023-01-13,9,11,17,28,34,45,43
3241,2023-01-15,28,31,32,37,42,45,16
3242,2023-01-18,1,11,12,15,27,38,3
3243,2023-01-22,4,12,24,32,36,38,21
3244,2023-01-25,6,38,39,41,42,43,15
3245,2023-01-29,14,25,34,36,38,42,7
3246,2023-02-01,8,10,17,22,35,37,12
3247,2023-02-05,9,12,24,26,31,33,30
3248,2023-02-08,2,6,16,21,24,37,42
3249,2023-02-10,4,5,35,41,43,45,1
3250,2023-02-12,23,24,31,38,41,45,15
3251,2023-02-15,5,9,18,22,28,33,24
3252,2023-02-19,14,17,27,32,37,43,15
3253,2023-02-22,2,10,14,32,35,43,20
3254,2023-02-26,2,5,16,19,26,29,4
3255,2023-03-01,2,3,7,26,27,31,32
3256,2023-03-05,11,14,17,23,32,44,24
3257,2023-03-08,3,10,20,37,43,44,4
3258,2023-03-10,5,11,19,27,32,42,9
3259,2023-03-12,5,11,20,22,29,34,4
3260,2023-03-15,10,13,20,23,39,44,40
3261,2023-03-19,3,11,17,33,34,43,32
3262,2023-03-22,5,7,29,36,37,43,18
3263,2023-03-26,14,19,21,29,34,35,38
3264,2023-03-29,9,10,14,24,31,33,23
3265,2023-04-02,17,20,24,25,29,30,3
3266,2023-04-05,5,6,16,18,23,45,33
3267,2023-04-09,10,15,20,27,42,44,37
3268,2023-04-12,1,5,11,18,21,25,29
3269,2023-04-14,7,9,18,20,28,34,37
3270,2023-04-16,7,13,17,37,38,39,34
3271,2023-04-19,1,2,9,10,18,29,7
3272,2023-04-23,2,3,7,9,40,44,8
3273,2023-04-26,4,14,15,27,33,35,18
3274,2023-04-30,7,8,10,18,36,38,44
3275,2023-05-03,1,14,18,24,38,44,37
3276,2023-05-07,13,14,16,32,35,36,15
3277,2023-05-10,2,18,29,34,37,45,28
3278,2023-05-12,21,23,25,26,30,42,5
3279,2023-05-14,4,29,30,31,40,42,27
3280,2023-05-17,3,8,9,38,41,44,32
3281,2023-05-21,1,4,6,21,35,38,40
3282,2023-05-24,10,13,18,23,30,34,44
3283,2023-05-28,3,9,19,31,35,38,22
3284,2023-05-31,4,17,19,26,39,43,37
3285,2023-06-04,7,17,18,25,26,28,11
3286,2023-06-07,1,5,21,34,41,43,12
3287,2023-06-11,1,6,16,30,33,42,22
3288,2023-06-14,3,19,20,25,27,30,33
3289,2023-06-18,6,13,24,37,43,44,2
3290,2023-06-21,16,18,20,24,25,39,35
3291,2023-06-25,2,4,8,31,33,45,12
3292,2023-06-28,13,19,26,30,32,44,16
3293,2023-07-02,14,20,23,25,32,41,37
3294,2023-07-05,5,6,27,30,33,36,7
3295,2023-07-09,1,3,7,16,29,35,30
3296,2023-07-12,1,3,7,15,16,39,14
3297,2023-07-14,3,7,26,36,41,45,24
3298,2023-07-16,6,21,24,25,28,39,13
3299,2023-07-19,3,7,13,17,28,39,40
3300,2023-07-23,3,9,12,15,20,25,39
3301,2023-07-26,1,4,16,21,26,29,31
3302,2023-07-30,3,6,24,35,38,43,12
3303,2023-08-02,10,13,17,25,29,44,38
3304,2023-08-06,7,9,11,27,40,41,15
3305,2023-08-09,1,20,23,25,29,32,8
3306,2023-08-11,11,14,18,23,25,39,30
3307,2023-08-13,11,22,23,26,38,41,16
3308,2023-08-16,1,3,29,33,36,37,14
3309,2023-08-20,1,24,27,41,43,44,23
3310,2023-08-23,15,17,24,25,30,37,29
3311,2023-08-27,8,16,19,22,25,29,4
3312,2023-08-30,1,18,25,26,36,39,41
3313,2023-09-03,3,8,11,26,39,40,42
3314,2023-09-06,1,6,11,16,28,36,41
3315,2023-09-08,8,9,21,23,30,40,12
3316,2023-09-10,7,9,13,24,26,27,43
3317,2023-09-13,1,6,7,8,34,35,43
3318,2023-09-17,1,13,18,28,34,35,26
3319,2023-09-20,6,15,36,40,43,44,29
3320,2023-09-24,7,11,25,35,36,38,30
3321,2023-09-27,9,16,20,21,25,37,31
3322,2023-10-01,12,23,26,37,41,45,3
3323,2023-10-04,10,23,24,28,34,35,27
3324,2023-10-08,6,24,32,33,39,45,25
3325,2023-10-11,11,18,24,25,26,41,10
3326,2023-10-13,2,7,16,18,34,45,23
3327,2023-10-15,2,16,33,38,39,44,21
3328,2023-10-18,8,9,21,28,31,37,44
3329,2023-10-22,3,12,13,25,32,35,4
3330,2023-10-25,13,15,25,29,36,43,37
3331,2023-10-29,1,16,30,31,38,39,24
3332,2023-11-01,1,15,16,19,31,35,11
3333,2023-11-05,9,14,16,18,29,43,27
3334,2023-11-08,3,16,22,28,36,39,19
3335,2023-11-10,2,13,17,20,33,40,38
3336,2023-11-12,2,12,16,18,28,33,23
3337,2023-11-15,3,7,11,22,27,39,28
3338,2023-11-19,2,20,25,26,35,45,7
3339,2023-11-22,12,15,16,22,37,38,28
3340,2023-11-26,10,12,16,21,39,41,1
3341,2023-11-29,1,24,29,30,33,37,45
3342,2023-12-03,3,4,5,8,21,23,12
3343,2023-12-06,1,2,15,22,30,43,24
3344,2023-12-10,4,5,23,34,38,40,15
3345,2023-12-13,1,3,10,11,30,44,39
3346,2023-12-17,3,9,31,32,36,38,6
3347,2023-12-20,2,14,27,34,35,38,39
3348,2023-12-24,5,7,17,25,26,42,35
3349,2023-12-27,17,27,30,32,37,44,41
3350,2023-12-31,4,11,12,22,40,41,9
3351,2024-01-03,3,15,16,19,21,27,20
3352,2024-01-07,1,9,14,15,20,35,3
3353,2024-01-10,21,33,36,37,41,43,2
3354,2024-01-12,4,7,8,18,31,42,43
3355,2024-01-14,6,14,15,16,25,39,33
3356,2024-01-17,7,21,26,31,42,43,44
3357,2024-01-21,3,16,27,31,40,42,25
3358,2024-01-24,4,8,14,16,35,42,25
3359,2024-01-28,9,17,26,28,31,41,13
3360,2024-01-31,17,21,22,28,35,36,37
3361,2024-02-04,3,5,9,17,25,38,45
3362,2024-02-07,3,4,20,37,40,42,8
3363,2024-02-09,2,3,8,20,21,31,35
3364,2024-02-11,2,14,16,21,37,41,10
3365,2024-02-14,2,21,22,27,34,37,25
3366,2024-02-18,13,18,23,29,30,42,19
3367,2024-02-21,7,8,21,23,26,40,30
3368,2024-02-25,3,8,10,14,29,35,45
3369,2024-02-28,10,22,24,28,34,43,42
3370,2024-03-03,3,11,14,25,33,39,17
3371,2024-03-06,3,13,19,21,23,44,24
3372,2024-03-08,6,14,18,22,28,37,33
3373,2024-03-10,7,13,17,20,35,39,12
3374,2024-03-13,2,5,7,14,38,41,26
3375,2024-03-17,5,13,32,35,36,40,10
3376,2024-03-20,1,3,6,7,20,45,28
3377,2024-03-24,1,2,7,11,23,41,42
3378,2024-03-27,4,11,25,26,32,41,36
3379,2024-03-31,5,15,19,21,23,44,36
3380,2024-04-03,3,4,11,12,27,37,25
3381,2024-04-07,19,28,37,41,42,43,6
3382,2024-04-10,5,12,13,14,39,43,16
3383,2024-04-12,4,8,16,18,27,35,31
3384,2024-04-14,9,15,19,26,31,45,28
3385,2024-04-17,14,17,18,28,37,44,5
3386,2024-04-21,7,9,11,14,15,42,33
3387,2024-04-24,3,23,24,34,35,45,26
3388,2024-04-28,4,9,30,38,41,44,26
3389,2024-05-01,3,10,21,24,36,38,15
3390,2024-05-05,15,17,28,34,36,37,3
3391,2024-05-08,2,4,9,16,19,44,43
3392,2024-05-12,1,5,14,25,29,35,26
3393,2024-05-15,19,22,23,24,30,33,12
3394,2024-05-17,22,23,28,35,41,43,15
3395,2024-05-19,7,13,19,25,33,39,40
3396,2024-05-22,14,19,28,32,40,42,1
3397,2024-05-26,1,6,13,21,40,45,22
3398,2024-05-29,1,22,23,24,38,45,33
3399,2024-06-02,6,18,32,36,38,45,31
3400,2024-06-05,7,15,21,28,31,39,42
3401,2024-06-09,6,7,9,15,28,35,27
3402,2024-06-12,5,15,27,29,41,44,43
3403,2024-06-16,3,5,23,29,33,45,10
3404,2024-06-19,2,5,6,22,23,30,3
3405,2024-06-23,7,8,10,14,18,23,27
3406,2024-06-26,14,23,26,30,31,39,9
3407,2024-06-30,2,13,20,23,28,38,27
3408,2024-07-03,6,8,13,19,25,26,23
3409,2024-07-07,9,10,18,22,35,40,13
3410,2024-07-10,6,8,12,18,19,38,21
3411,2024-07-12,4,13,16,21,33,35,29
3412,2024-07-14,7,13,17,20,30,43,1
3413,2024-07-17,2,17,23,35,41,42,39
3414,2024-07-21,3,15,25,26,30,33,42
3415,2024-07-24,12,30,32,34,37,43,21
3416,2024-07-28,7,9,12,17,19,39,18
3417,2024-07-31,3,5,17,25,30,36,8
3418,2024-08-04,11,13,27,32,38,40,23
3419,2024-08-07,3,8,27,28,36,42,29
3420,2024-08-09,3,9,14,29,33,38,27
3421,2024-08-11,13,14,31,34,36,40,26
3422,2024-08-14,1,5,13,17,26,38,3
3423,2024-08-18,1,10,12,37,44,45,30
3424,2024-08-21,4,17,18,24,26,39,35
3425,2024-08-25,2,4,27,29,34,35,30
3426,2024-08-28,5,9,16,20,39,45,29
3427,2024-09-01,4,5,10,18,29,38,41
3428,2024-09-04,1,14,15,23,31,42,26
3429,2024-09-08,2,9,11,12,19,29,42
3430,2024-09-11,2,8,11,12,23,40,6
3431,2024-09-13,2,3,11,20,30,42,10
3432,2024-09-15,1,2,3,4,20,26,29
3433,2024-09-18,1,16,17,18,31,44,25
3434,2024-09-22,15,19,32,37,39,40,34
3435,2024-09-25,2,7,18,20,24,37,21
3436,2024-09-29,4,7,16,25,27,41,38
3437,2024-10-02,12,23,26,27,35,43,38
3438,2024-10-06,3,8,21,22,32,43,12
3439,2024-10-09,2,10,12,15,40,42,16
3440,2024-10-11,16,22,28,29,36,45,26
3441,2024-10-13,1,3,18,23,28,35,33
3442,2024-10-16,3,12,30,41,42,45,33
3443,2024-10-20,4,6,15,35,41,43,40
3444,2024-10-23,12,17,22,27,36,40,14
3445,2024-10-27,10,22,25,27,32,40,15
3446,2024-10-30,7,8,29,36,39,40,6
3447,2024-11-03,12,16,18,19,27,44,6
3448,2024-11-06,9,12,23,26,30,44,41
3449,2024-11-08,3,6,18,25,40,43,12
3450,2024-11-10,8,11,14,28,32,36,34
3451,2024-11-13,10,17,20,21,24,36,19
3452,2024-11-17,7,8,11,16,26,40,44
3453,2024-11-20,7,8,9,41,42,45,30
3454,2024-11-24,8,11,30,31,33,37,6
3455,2024-11-27,1,2,8,16,41,42,18
3456,2024-12-01,3,4,7,8,35,41,29
3457,2024-12-04,14,17,27,28,36,44,24
3458,2024-12-08,9,19,31,33,34,36,5
3459,2024-12-11,13,17,26,34,39,42,6
3460,2024-12-15,4,5,41,42,44,45,6
3461,2024-12-18,1,7,25,27,32,34,13
3462,2024-12-22,3,25,30,34,41,44,17
3463,2024-12-25,9,15,20,24,26,34,31
3464,2024-12-29,14,17,20,35,39,45,43
3465,2025-01-01,5,15,16,32,34,35,37
3466,2025-01-05,5,11,19,21,34,44,33
3467,2025-01-08,3,9,18,22,31,36,32
3468,2025-01-10,3,14,22,23,38,44,29
3469,2025-01-12,2,4,5,22,24,27,25
3470,2025-01-15,9,17,23,33,36,38,27
3471,2025-01-19,10,16,19,22,30,40,1
3472,2025-01-22,3,5,29,33,40,45,22
3473,2025-01-26,5,11,13,17,27,44,19
3474,2025-01-29,10,11,13,23,29,41,27
3475,2025-02-02,2,4,19,20,35,45,21
3476,2025-02-05,1,9,13,15,26,27,14
3477,2025-02-09,4,18,23,27,37,38,24
3478,2025-02-12,2,12,24,35,36,45,30
3479,2025-02-14,19,22,25,38,41,44,26
3480,2025-02-16,21,30,31,35,42,43,4
3481,2025-02-19,3,20,25,27,29,32,45
3482,2025-02-23,3,19,24,35,42,43,17
3483,2025-02-26,10,15,18,20,25,41,17
3484,2025-03-02,10,13,14,16,21,34,24
3485,2025-03-05,1,6,24,28,34,44,38
3486,2025-03-09,20,24,32,37,39,44,42
3487,2025-03-12,3,12,13,29,38,44,25
3488,2025-03-14,5,7,10,16,32,41,9
3489,2025-03-16,6,10,12,23,28,36,13
3490,2025-03-19,14,15,20,27,34,40,43
3491,2025-03-23,1,17,32,39,43,45,4
3492,2025-03-26,1,14,15,18,23,38,9
3493,2025-03-30,5,8,20,24,27,40,25
3494,2025-04-02,1,2,15,17,23,27,21
3495,2025-04-06,16,20,22,27,32,38,14
3496,2025-04-09,5,21,24,27,38,44,35
3497,2025-04-11,6,7,16,40,42,43,35
3498,2025-04-13,9,25,37,40,43,45,20
3499,2025-04-16,4,5,25,32,36,38,34
3500,2025-04-20,3,16,34,35,38,43,23
3501,2025-04-23,6,12,23,25,26,29,7
3502,2025-04-27,13,16,24,25,29,30,37
3503,2025-04-30,2,12,14,20,21,45,44
3504,2025-05-04,8,11,20,34,37,38,7
3505,2025-05-07,24,25,30,34,39,44,23
3506,2025-05-09,10,13,18,27,34,40,38
3507,2025-05-11,11,12,28,31,41,45,6
3508,2025-05-14,18,19,27,33,36,40,28
3509,2025-05-18,7,9,27,30,43,45,42
3510,2025-05-21,11,15,21,27,31,43,42
3511,2025-05-25,3,24,25,31,40,43,45
3512,2025-05-28,3,5,10,21,30,32,11
3513,2025-06-01,5,7,15,20,34,43,2
3514,2025-06-04,2,4,5,17,19,29,33
3515,2025-06-08,8,10,16,17,31,44,7
3516,2025-06-11,3,7,8,14,34,40,18
3517,2025-06-13,6,7,12,24,32,41,38
3518,2025-06-15,9,13,15,18,24,44,6
3519,2025-06-18,21,31,34,40,42,43,15
3520,2025-06-22,17,18,21,28,35,41,31
3521,2025-06-25,2,4,15,22,29,42,35
3522,2025-06-29,10,12,14,28,31,41,29
3523,2025-07-02,4,7,15,19,20,43,33
3524,2025-07-06,7,8,18,23,33,39,15
3525,2025-07-09,2,4,7,11,15,30,27
3526,2025-07-11,6,8,20,22,29,44,11
3527,2025-07-13,8,9,10,16,22,41,13
3528,2025-07-16,1,4,6,13,31,40,45
3529,2025-07-20,1,7,27,31,38,41,20
3530,2025-07-23,5,13,16,30,34,44,9
3531,2025-07-25,6,9,22,28,34,36,44
3532,2025-07-27,8,16,17,34,35,43,19
3533,2025-07-30,5,17,20,28,31,33,12
3534,2025-08-03,2,14,18,27,29,30,22
3535,2025-08-06,4,25,27,28,31,43,42
3536,2025-08-08,15,21,23,28,32,43,39
3537,2025-08-10,1,3,13,15,17,40,45
3538,2025-08-13,4,10,16,19,27,41,40
3539,2025-08-17,4,16,17,18,21,44,39
3540,2025-08-20,2,28,33,34,35,36,6
3541,2025-08-22,1,6,10,14,16,25,27
3542,2025-08-24,5,10,17,25,40,42,37
3543,2025-08-27,10,28,29,32,33,34,42
3544,2025-08-31,3,4,18,21,32,40,23
3545,2025-09-03,3,4,9,17,27,38,45
3546,2025-09-05,10,14,18,22,23,26,32
3547,2025-09-07,9,10,17,18,26,40,2
3548,2025-09-10,2,10,15,23,25,42,31
3549,2025-09-14,2,5,13,22,25,32,14
3550,2025-09-17,1,19,27,30,39,41,23
3551,2025-09-19,1,4,11,13,38,41,32
3552,2025-09-21,15,21,22,29,33,38,6
3553,2025-09-24,10,23,27,32,42,44,14
3554,2025-09-28,19,30,33,34,44,45,15
3555,2025-10-01,6,7,19,29,31,33,24
3556,2025-10-03,2,4,25,27,32,43,14
3557,2025-10-05,3,19,21,27,30,42,18
3558,2025-10-08,1,11,23,26,35,38,27
3559,2025-10-12,9,23,32,42,43,44,6
3560,2025-10-15,2,14,34,38,40,41,44
3561,2025-10-17,7,16,22,27,32,33,36
3562,2025-10-19,12,14,24,27,41,45,20
3563,2025-10-22,15,16,18,21,32,43,34
3564,2025-10-26,4,20,23,30,32,41,42
3565,2025-10-29,3,4,12,15,19,25,41
3566,2025-10-31,4,7,9,16,17,24,29
3567,2025-11-02,3,7,10,21,27,44,29
3568,2025-11-05,12,17,20,33,41,43,42
3569,2025-11-09,3,11,22,26,33,42,19
3570,2025-11-12,11,19,26,28,31,44,9
3571,2025-11-14,4,5,8,23,27,44,17
3572,2025-11-16,2,20,27,33,42,45,9
3573,2025-11-19,4,14,34,39,41,44,9
3574,2025-11-23,19,21,31,36,37,42,39
3575,2025-11-26,7,10,16,17,35,43,3
3576,2025-11-28,12,20,30,39,40,44,3
3577,2025-11-30,5,19,20,23,29,36,16
3578,2025-12-03,10,14,18,22,31,40,43
3579,2025-12-07,8,9,11,12,23,37,44
3580,2025-12-10,2,8,36,40,41,45,27
3581,2025-12-12,3,21,25,27,38,41,9
3582,2025-12-14,4,15,24,30,37,40,13
3583,2025-12-17,9,11,13,15,19,30,1
3584,2025-12-21,14,23,28,30,33,42,5
3585,2025-12-24,3,4,12,24,32,33,44
3586,2025-12-26,2,3,5,12,17,43,8
3587,2025-12-28,2,17,22,23,27,30,42
3588,2025-12-31,1,6,20,31,34,45,41
3589,2026-01-04,1,4,15,16,22,38,11
3590,2026-01-07,4,5,16,21,35,45,33
3591,2026-01-09,2,10,11,31,34,43,44
3592,2026-01-11,5,8,14,16,27,43,42
3593,2026-01-14,6,7,18,24,37,42,11
3594,2026-01-18,1,9,19,27,28,40,17
3595,2026-01-21,2,10,13,24,36,39,25
3596,2026-01-23,10,25,31,39,40,44,20
3597,2026-01-25,1,5,11,18,23,45,27
3598,2026-01-28,8,10,20,30,34,43,25
3599,2026-02-01,4,5,6,11,32,35,9
3600,2026-02-04,2,18,25,26,30,43,1
3601,2026-02-06,9,21,25,35,36,44,42
3602,2026-02-08,12,16,19,31,34,45,44
3603,2026-02-11,5,20,21,22,35,43,4
3604,2026-02-15,4,5,22,24,27,30,44
3605,2026-02-18,8,24,29,31,33,45,9
3606,2026-02-20,6,9,16,18,25,27,20
3607,2026-02-22,9,10,11,37,39,44,12
3608,2026-02-25,14,17,21,31,38,43,18
3609,2026-03-01,3,11,17,21,24,33,40
3610,2026-03-04,7,35,39,43,44,45,33
3611,2026-03-06,5,11,31,37,40,42,38
3612,2026-03-08,17,20,21,22,29,35,8
3613,2026-03-11,4,14,18,25,27,35,29
3614,2026-03-15,6,10,17,24,25,35,4
3615,2026-03-18,16,24,29,30,39,43,32
3616,2026-03-20,9,11,32,38,43,45,29
3617,2026-03-22,5,9,13,23,34,42,18
3618,2026-03-25,8,9,12,24,28,40,14
3619,2026-03-29,13,25,36,38,40,42,18
3620,2026-04-01,5,14,16,19,34,37,12
3621,2026-04-03,6,14,16,26,27,33,39
3622,2026-04-05,2,4,18,21,22,31,40
3623,2026-04-08,6,17,25,33,35,43,27
3624,2026-04-12,2,3,9,32,39,42,40
3625,2026-04-15,5,6,7,12,26,28,1
3626,2026-04-17,1,10,19,22,39,41,43
3627,2026-04-19,2,13,26,30,39,40,38
3628,2026-04-22,8,16,24,34,39,43,3
3629,2026-04-26,2,6,9,10,15,29,37
3630,2026-04-29,4,6,9,12,18,31,39
3631,2026-05-01,2,21,27,39,40,44,35
3632,2026-05-03,2,10,12,25,31,35,4
3633,2026-05-06,1,7,12,13,14,42,23
3634,2026-05-10,1,4,15,19,28,34,37
3635,2026-05-13,5,15,20,21,29,40,1
3636,2026-05-15,1,14,20,36,38,43,22
3637,2026-05-17,1,5,6,33,35,36,38
3638,2026-05-20,3,7,11,22,27,31,12
3639,2026-05-24,12,13,17,18,27,39,42
3640,2026-05-27,3,26,35,36,43,44,11
3641,2026-05-29,6,18,20,27,31,35,33
3642,2026-05-31,5,8,27,31,32,34,3
3643,2026-06-03,14,23,32,35,41,45,36
3644,2026-06-07,2,7,16,17,35,36,21
3645,2026-06-10,4,7,9,13,30,43,37
3646,2026-06-12,6,10,19,30,36,38,34
3647,2026-06-14,2,14,16,19,20,32,29
3648,2026-06-17,5,17,20,39,40,42,11
3649,2026-06-21,1,10,17,28,39,40,9
3650,2026-06-24,2,9,24,34,36,37,10
3651,2026-06-26,1,4,28,32,33,36,2
3652,2026-06-28,3,23,24,29,32,33,43
3653,2026-07-01,1,18,20,31,35,43,12
3654,2026-07-05,13,17,21,32,33,39,42
3655,2026-07-08,2,14,15,17,33,36,37
3656,2026-07-10,3,10,14,19,31,45,5
3657,2026-07-12,7,23,24,32,33,43,16
3658,2026-07-15,4,14,27,32,38,45,42
3659,2026-07-19,1,10,15,21,29,42,36
3660,2026-07-22,4,9,17,22,25,32,16
3661,2026-07-24,2,11,14,19,20,43,38
3662,2026-07-26,10,11,26,28,31,36,17
3663,2026-07-29,5,6,20,21,38,41,19
3664,2026-08-02,5,16,18,26,36,39,13
3665,2026-08-05,8,23,31,32,34,35,18
3666,2026-08-07,2,6,10,17,32,37,41
3667,2026-08-09,12,16,31,34,37,39,36
3668,2026-08-12,4,19,25,26,27,36,38
3669,2026-08-16,5,14,22,25,29,31,43
3670,2026-08-19,3,5,6,22,38,40,27
3671,2026-08-21,1,3,24,32,36,42,37
3672,2026-08-23,3,25,35,36,38,42,43
3673,2026-08-26,7,8,19,20,28,38,43
3674,2026-08-30,3,6,17,28,32,40,22
3675,2026-09-02,2,17,19,26,39,45,38
3676,2026-09-04,7,16,26,31,35,38,33
3677,2026-09-06,8,14,26,30,33,36,19
3678,2026-09-09,8,11,14,16,21,45,35
3679,2026-09-13,2,7,11,16,34,42,36
3680,2026-09-16,1,6,7,13,33,38,43
3681,2026-09-18,5,6,12,35,38,39,8
3682,2026-09-20,3,4,15,31,32,41,10
3683,2026-09-23,2,14,15,17,28,37,42
3684,2026-09-27,2,7,9,15,25,33,21
3685,2026-09-30,2,12,19,21,26,31,23
3686,2026-10-02,3,8,30,35,38,44,28
3687,2026-10-04,1,15,19,39,40,44,28
